image_id,strip_id,batch_id,class,class_index,class_label,true_ppm,true_ppm_range,phone_model,camera_resolution,lighting_condition,white_balance,exposure_time_ms,iso,distance_cm,angle_degrees,reference_measurement_id,reference_method,operator,site,calibration_version,capture_time,split,image_path,notes
IMG_20250115_C0_STRIP_C0_008_FL01,STRIP_C0_008,BATCH_2024_Q4_LOT_03,C0,0,No/Negligible,0.03,"[0.0, 1.0]",Samsung Galaxy S23,4000x3000,fluorescent,auto,33,800,10,0,REF_20250115_0001,calibrated_H2S_gas_standard,technician_john,industrial_facility_A,v2.0,2025-01-15T14:23:45Z,train,D:\H2S DOSIMETER AI\data\h2s_calibration_dataset\images\IMG_20250115_C0_STRIP_C0_008_FL01.jpg,Optimal lighting and positioning
IMG_20250115_C0_STRIP_C0_008_FL02,STRIP_C0_008,BATCH_2024_Q4_LOT_03,C0,0,No/Negligible,0.03,"[0.0, 1.0]",Samsung Galaxy S23,4000x3000,fluorescent,auto,33,800,10,0,REF_20250115_0002,calibrated_H2S_gas_standard,technician_john,industrial_facility_A,v2.0,2025-01-15T14:23:45Z,train,D:\H2S DOSIMETER AI\data\h2s_calibration_dataset\images\IMG_20250115_C0_STRIP_C0_008_FL02.jpg,Optimal lighting and positioning
IMG_20250115_C0_STRIP_C0_008_DA01,STRIP_C0_008,BATCH_2024_Q4_LOT_03,C0,0,No/Negligible,0.03,"[0.0, 1.0]",Samsung Galaxy S23,4000x3000,daylight,auto,33,800,10,0,REF_20250115_0003,calibrated_H2S_gas_standard,technician_john,industrial_facility_A,v2.0,2025-01-15T14:23:45Z,train,D:\H2S DOSIMETER AI\data\h2s_calibration_dataset\images\IMG_20250115_C0_STRIP_C0_008_DA01.jpg,Optimal lighting and positioning
IMG_20250115_C0_STRIP_C0_008_DA02,STRIP_C0_008,BATCH_2024_Q4_LOT_03,C0,0,No/Negligible,0.03,"[0.0, 1.0]",Samsung Galaxy S23,4000x3000,daylight,auto,33,800,10,0,REF_20250115_0004,calibrated_H2S_gas_standard,technician_john,industrial_facility_A,v2.0,2025-01-15T14:23:45Z,train,D:\H2S DOSIMETER AI\data\h2s_calibration_dataset\images\IMG_20250115_C0_STRIP_C0_008_DA02.jpg,Optimal lighting and positioning
IMG_20250115_C0_STRIP_C0_008_LO01,STRIP_C0_008,BATCH_2024_Q4_LOT_03,C0,0,No/Negligible,0.03,"[0.0, 1.0]",Samsung Galaxy S23,4000x3000,low_light_led,auto,33,800,10,0,REF_20250115_0005,calibrated_H2S_gas_standard,technician_john,industrial_facility_A,v2.0,2025-01-15T14:23:45Z,train,D:\H2S DOSIMETER AI\data\h2s_calibration_dataset\images\IMG_20250115_C0_STRIP_C0_008_LO01.jpg,Optimal lighting and positioning
IMG_20250115_C0_STRIP_C0_008_LO02,STRIP_C0_008,BATCH_2024_Q4_LOT_03,C0,0,No/Negligible,0.03,"[0.0, 1.0]",Samsung Galaxy S23,4000x3000,low_light_led,auto,33,800,10,0,REF_20250115_0006,calibrated_H2S_gas_standard,technician_john,industrial_facility_A,v2.0,2025-01-15T14:23:45Z,train,D:\H2S DOSIMETER AI\data\h2s_calibration_dataset\images\IMG_20250115_C0_STRIP_C0_008_LO02.jpg,Optimal lighting and positioning
IMG_20250115_C0_STRIP_C0_004_FL01,STRIP_C0_004,BATCH_2024_Q4_LOT_03,C0,0,No/Negligible,0.78,"[0.0, 1.0]",Samsung Galaxy S23,4000x3000,fluorescent,auto,33,800,10,0,REF_20250115_0007,calibrated_H2S_gas_standard,technician_john,industrial_facility_A,v2.0,2025-01-15T14:23:45Z,train,D:\H2S DOSIMETER AI\data\h2s_calibration_dataset\images\IMG_20250115_C0_STRIP_C0_004_FL01.jpg,Optimal lighting and positioning
IMG_20250115_C0_STRIP_C0_004_FL02,STRIP_C0_004,BATCH_2024_Q4_LOT_03,C0,0,No/Negligible,0.78,"[0.0, 1.0]",Samsung Galaxy S23,4000x3000,fluorescent,auto,33,800,10,0,REF_20250115_0008,calibrated_H2S_gas_standard,technician_john,industrial_facility_A,v2.0,2025-01-15T14:23:45Z,train,D:\H2S DOSIMETER AI\data\h2s_calibration_dataset\images\IMG_20250115_C0_STRIP_C0_004_FL02.jpg,Optimal lighting and positioning
IMG_20250115_C0_STRIP_C0_004_DA01,STRIP_C0_004,BATCH_2024_Q4_LOT_03,C0,0,No/Negligible,0.78,"[0.0, 1.0]",Samsung Galaxy S23,4000x3000,daylight,auto,33,800,10,0,REF_20250115_0009,calibrated_H2S_gas_standard,technician_john,industrial_facility_A,v2.0,2025-01-15T14:23:45Z,train,D:\H2S DOSIMETER AI\data\h2s_calibration_dataset\images\IMG_20250115_C0_STRIP_C0_004_DA01.jpg,Optimal lighting and positioning
IMG_20250115_C0_STRIP_C0_004_DA02,STRIP_C0_004,BATCH_2024_Q4_LOT_03,C0,0,No/Negligible,0.78,"[0.0, 1.0]",Samsung Galaxy S23,4000x3000,daylight,auto,33,800,10,0,REF_20250115_0010,calibrated_H2S_gas_standard,technician_john,industrial_facility_A,v2.0,2025-01-15T14:23:45Z,train,D:\H2S DOSIMETER AI\data\h2s_calibration_dataset\images\IMG_20250115_C0_STRIP_C0_004_DA02.jpg,Optimal lighting and positioning
IMG_20250115_C0_STRIP_C0_004_LO01,STRIP_C0_004,BATCH_2024_Q4_LOT_03,C0,0,No/Negligible,0.78,"[0.0, 1.0]",Samsung Galaxy S23,4000x3000,low_light_led,auto,33,800,10,0,REF_20250115_0011,calibrated_H2S_gas_standard,technician_john,industrial_facility_A,v2.0,2025-01-15T14:23:45Z,train,D:\H2S DOSIMETER AI\data\h2s_calibration_dataset\images\IMG_20250115_C0_STRIP_C0_004_LO01.jpg,Optimal lighting and positioning
IMG_20250115_C0_STRIP_C0_004_LO02,STRIP_C0_004,BATCH_2024_Q4_LOT_03,C0,0,No/Negligible,0.78,"[0.0, 1.0]",Samsung Galaxy S23,4000x3000,low_light_led,auto,33,800,10,0,REF_20250115_0012,calibrated_H2S_gas_standard,technician_john,industrial_facility_A,v2.0,2025-01-15T14:23:45Z,train,D:\H2S DOSIMETER AI\data\h2s_calibration_dataset\images\IMG_20250115_C0_STRIP_C0_004_LO02.jpg,Optimal lighting and positioning
IMG_20250115_C0_STRIP_C0_003_FL01,STRIP_C0_003,BATCH_2024_Q4_LOT_03,C0,0,No/Negligible,0.63,"[0.0, 1.0]",Samsung Galaxy S23,4000x3000,fluorescent,auto,33,800,10,0,REF_20250115_0013,calibrated_H2S_gas_standard,technician_john,industrial_facility_A,v2.0,2025-01-15T14:23:45Z,train,D:\H2S DOSIMETER AI\data\h2s_calibration_dataset\images\IMG_20250115_C0_STRIP_C0_003_FL01.jpg,Optimal lighting and positioning
IMG_20250115_C0_STRIP_C0_003_FL02,STRIP_C0_003,BATCH_2024_Q4_LOT_03,C0,0,No/Negligible,0.63,"[0.0, 1.0]",Samsung Galaxy S23,4000x3000,fluorescent,auto,33,800,10,0,REF_20250115_0014,calibrated_H2S_gas_standard,technician_john,industrial_facility_A,v2.0,2025-01-15T14:23:45Z,train,D:\H2S DOSIMETER AI\data\h2s_calibration_dataset\images\IMG_20250115_C0_STRIP_C0_003_FL02.jpg,Optimal lighting and positioning
IMG_20250115_C0_STRIP_C0_003_DA01,STRIP_C0_003,BATCH_2024_Q4_LOT_03,C0,0,No/Negligible,0.63,"[0.0, 1.0]",Samsung Galaxy S23,4000x3000,daylight,auto,33,800,10,0,REF_20250115_0015,calibrated_H2S_gas_standard,technician_john,industrial_facility_A,v2.0,2025-01-15T14:23:45Z,train,D:\H2S DOSIMETER AI\data\h2s_calibration_dataset\images\IMG_20250115_C0_STRIP_C0_003_DA01.jpg,Optimal lighting and positioning
IMG_20250115_C0_STRIP_C0_003_DA02,STRIP_C0_003,BATCH_2024_Q4_LOT_03,C0,0,No/Negligible,0.63,"[0.0, 1.0]",Samsung Galaxy S23,4000x3000,daylight,auto,33,800,10,0,REF_20250115_0016,calibrated_H2S_gas_standard,technician_john,industrial_facility_A,v2.0,2025-01-15T14:23:45Z,train,D:\H2S DOSIMETER AI\data\h2s_calibration_dataset\images\IMG_20250115_C0_STRIP_C0_003_DA02.jpg,Optimal lighting and positioning
IMG_20250115_C0_STRIP_C0_003_LO01,STRIP_C0_003,BATCH_2024_Q4_LOT_03,C0,0,No/Negligible,0.63,"[0.0, 1.0]",Samsung Galaxy S23,4000x3000,low_light_led,auto,33,800,10,0,REF_20250115_0017,calibrated_H2S_gas_standard,technician_john,industrial_facility_A,v2.0,2025-01-15T14:23:45Z,train,D:\H2S DOSIMETER AI\data\h2s_calibration_dataset\images\IMG_20250115_C0_STRIP_C0_003_LO01.jpg,Optimal lighting and positioning
IMG_20250115_C0_STRIP_C0_003_LO02,STRIP_C0_003,BATCH_2024_Q4_LOT_03,C0,0,No/Negligible,0.63,"[0.0, 1.0]",Samsung Galaxy S23,4000x3000,low_light_led,auto,33,800,10,0,REF_20250115_0018,calibrated_H2S_gas_standard,technician_john,industrial_facility_A,v2.0,2025-01-15T14:23:45Z,train,D:\H2S DOSIMETER AI\data\h2s_calibration_dataset\images\IMG_20250115_C0_STRIP_C0_003_LO02.jpg,Optimal lighting and positioning
IMG_20250115_C0_STRIP_C0_009_FL01,STRIP_C0_009,BATCH_2024_Q4_LOT_03,C0,0,No/Negligible,0.05,"[0.0, 1.0]",Samsung Galaxy S23,4000x3000,fluorescent,auto,33,800,10,0,REF_20250115_0019,calibrated_H2S_gas_standard,technician_john,industrial_facility_A,v2.0,2025-01-15T14:23:45Z,train,D:\H2S DOSIMETER AI\data\h2s_calibration_dataset\images\IMG_20250115_C0_STRIP_C0_009_FL01.jpg,Optimal lighting and positioning
IMG_20250115_C0_STRIP_C0_009_FL02,STRIP_C0_009,BATCH_2024_Q4_LOT_03,C0,0,No/Negligible,0.05,"[0.0, 1.0]",Samsung Galaxy S23,4000x3000,fluorescent,auto,33,800,10,0,REF_20250115_0020,calibrated_H2S_gas_standard,technician_john,industrial_facility_A,v2.0,2025-01-15T14:23:45Z,train,D:\H2S DOSIMETER AI\data\h2s_calibration_dataset\images\IMG_20250115_C0_STRIP_C0_009_FL02.jpg,Optimal lighting and positioning
IMG_20250115_C0_STRIP_C0_009_DA01,STRIP_C0_009,BATCH_2024_Q4_LOT_03,C0,0,No/Negligible,0.05,"[0.0, 1.0]",Samsung Galaxy S23,4000x3000,daylight,auto,33,800,10,0,REF_20250115_0021,calibrated_H2S_gas_standard,technician_john,industrial_facility_A,v2.0,2025-01-15T14:23:45Z,train,D:\H2S DOSIMETER AI\data\h2s_calibration_dataset\images\IMG_20250115_C0_STRIP_C0_009_DA01.jpg,Optimal lighting and positioning
IMG_20250115_C0_STRIP_C0_009_DA02,STRIP_C0_009,BATCH_2024_Q4_LOT_03,C0,0,No/Negligible,0.05,"[0.0, 1.0]",Samsung Galaxy S23,4000x3000,daylight,auto,33,800,10,0,REF_20250115_0022,calibrated_H2S_gas_standard,technician_john,industrial_facility_A,v2.0,2025-01-15T14:23:45Z,train,D:\H2S DOSIMETER AI\data\h2s_calibration_dataset\images\IMG_20250115_C0_STRIP_C0_009_DA02.jpg,Optimal lighting and positioning
IMG_20250115_C0_STRIP_C0_009_LO01,STRIP_C0_009,BATCH_2024_Q4_LOT_03,C0,0,No/Negligible,0.05,"[0.0, 1.0]",Samsung Galaxy S23,4000x3000,low_light_led,auto,33,800,10,0,REF_20250115_0023,calibrated_H2S_gas_standard,technician_john,industrial_facility_A,v2.0,2025-01-15T14:23:45Z,train,D:\H2S DOSIMETER AI\data\h2s_calibration_dataset\images\IMG_20250115_C0_STRIP_C0_009_LO01.jpg,Optimal lighting and positioning
IMG_20250115_C0_STRIP_C0_009_LO02,STRIP_C0_009,BATCH_2024_Q4_LOT_03,C0,0,No/Negligible,0.05,"[0.0, 1.0]",Samsung Galaxy S23,4000x3000,low_light_led,auto,33,800,10,0,REF_20250115_0024,calibrated_H2S_gas_standard,technician_john,industrial_facility_A,v2.0,2025-01-15T14:23:45Z,train,D:\H2S DOSIMETER AI\data\h2s_calibration_dataset\images\IMG_20250115_C0_STRIP_C0_009_LO02.jpg,Optimal lighting and positioning
IMG_20250115_C0_STRIP_C0_006_FL01,STRIP_C0_006,BATCH_2024_Q4_LOT_03,C0,0,No/Negligible,0.03,"[0.0, 1.0]",Samsung Galaxy S23,4000x3000,fluorescent,auto,33,800,10,0,REF_20250115_0025,calibrated_H2S_gas_standard,technician_john,industrial_facility_A,v2.0,2025-01-15T14:23:45Z,train,D:\H2S DOSIMETER AI\data\h2s_calibration_dataset\images\IMG_20250115_C0_STRIP_C0_006_FL01.jpg,Optimal lighting and positioning
IMG_20250115_C0_STRIP_C0_006_FL02,STRIP_C0_006,BATCH_2024_Q4_LOT_03,C0,0,No/Negligible,0.03,"[0.0, 1.0]",Samsung Galaxy S23,4000x3000,fluorescent,auto,33,800,10,0,REF_20250115_0026,calibrated_H2S_gas_standard,technician_john,industrial_facility_A,v2.0,2025-01-15T14:23:45Z,train,D:\H2S DOSIMETER AI\data\h2s_calibration_dataset\images\IMG_20250115_C0_STRIP_C0_006_FL02.jpg,Optimal lighting and positioning
IMG_20250115_C0_STRIP_C0_006_DA01,STRIP_C0_006,BATCH_2024_Q4_LOT_03,C0,0,No/Negligible,0.03,"[0.0, 1.0]",Samsung Galaxy S23,4000x3000,daylight,auto,33,800,10,0,REF_20250115_0027,calibrated_H2S_gas_standard,technician_john,industrial_facility_A,v2.0,2025-01-15T14:23:45Z,train,D:\H2S DOSIMETER AI\data\h2s_calibration_dataset\images\IMG_20250115_C0_STRIP_C0_006_DA01.jpg,Optimal lighting and positioning
IMG_20250115_C0_STRIP_C0_006_DA02,STRIP_C0_006,BATCH_2024_Q4_LOT_03,C0,0,No/Negligible,0.03,"[0.0, 1.0]",Samsung Galaxy S23,4000x3000,daylight,auto,33,800,10,0,REF_20250115_0028,calibrated_H2S_gas_standard,technician_john,industrial_facility_A,v2.0,2025-01-15T14:23:45Z,train,D:\H2S DOSIMETER AI\data\h2s_calibration_dataset\images\IMG_20250115_C0_STRIP_C0_006_DA02.jpg,Optimal lighting and positioning
IMG_20250115_C0_STRIP_C0_006_LO01,STRIP_C0_006,BATCH_2024_Q4_LOT_03,C0,0,No/Negligible,0.03,"[0.0, 1.0]",Samsung Galaxy S23,4000x3000,low_light_led,auto,33,800,10,0,REF_20250115_0029,calibrated_H2S_gas_standard,technician_john,industrial_facility_A,v2.0,2025-01-15T14:23:45Z,train,D:\H2S DOSIMETER AI\data\h2s_calibration_dataset\images\IMG_20250115_C0_STRIP_C0_006_LO01.jpg,Optimal lighting and positioning
IMG_20250115_C0_STRIP_C0_006_LO02,STRIP_C0_006,BATCH_2024_Q4_LOT_03,C0,0,No/Negligible,0.03,"[0.0, 1.0]",Samsung Galaxy S23,4000x3000,low_light_led,auto,33,800,10,0,REF_20250115_0030,calibrated_H2S_gas_standard,technician_john,industrial_facility_A,v2.0,2025-01-15T14:23:45Z,train,D:\H2S DOSIMETER AI\data\h2s_calibration_dataset\images\IMG_20250115_C0_STRIP_C0_006_LO02.jpg,Optimal lighting and positioning
IMG_20250115_C0_STRIP_C0_007_FL01,STRIP_C0_007,BATCH_2024_Q4_LOT_03,C0,0,No/Negligible,0.55,"[0.0, 1.0]",Samsung Galaxy S23,4000x3000,fluorescent,auto,33,800,10,0,REF_20250115_0031,calibrated_H2S_gas_standard,technician_john,industrial_facility_A,v2.0,2025-01-15T14:23:45Z,train,D:\H2S DOSIMETER AI\data\h2s_calibration_dataset\images\IMG_20250115_C0_STRIP_C0_007_FL01.jpg,Optimal lighting and positioning
IMG_20250115_C0_STRIP_C0_007_FL02,STRIP_C0_007,BATCH_2024_Q4_LOT_03,C0,0,No/Negligible,0.55,"[0.0, 1.0]",Samsung Galaxy S23,4000x3000,fluorescent,auto,33,800,10,0,REF_20250115_0032,calibrated_H2S_gas_standard,technician_john,industrial_facility_A,v2.0,2025-01-15T14:23:45Z,train,D:\H2S DOSIMETER AI\data\h2s_calibration_dataset\images\IMG_20250115_C0_STRIP_C0_007_FL02.jpg,Optimal lighting and positioning
IMG_20250115_C0_STRIP_C0_007_DA01,STRIP_C0_007,BATCH_2024_Q4_LOT_03,C0,0,No/Negligible,0.55,"[0.0, 1.0]",Samsung Galaxy S23,4000x3000,daylight,auto,33,800,10,0,REF_20250115_0033,calibrated_H2S_gas_standard,technician_john,industrial_facility_A,v2.0,2025-01-15T14:23:45Z,train,D:\H2S DOSIMETER AI\data\h2s_calibration_dataset\images\IMG_20250115_C0_STRIP_C0_007_DA01.jpg,Optimal lighting and positioning
IMG_20250115_C0_STRIP_C0_007_DA02,STRIP_C0_007,BATCH_2024_Q4_LOT_03,C0,0,No/Negligible,0.55,"[0.0, 1.0]",Samsung Galaxy S23,4000x3000,daylight,auto,33,800,10,0,REF_20250115_0034,calibrated_H2S_gas_standard,technician_john,industrial_facility_A,v2.0,2025-01-15T14:23:45Z,train,D:\H2S DOSIMETER AI\data\h2s_calibration_dataset\images\IMG_20250115_C0_STRIP_C0_007_DA02.jpg,Optimal lighting and positioning
IMG_20250115_C0_STRIP_C0_007_LO01,STRIP_C0_007,BATCH_2024_Q4_LOT_03,C0,0,No/Negligible,0.55,"[0.0, 1.0]",Samsung Galaxy S23,4000x3000,low_light_led,auto,33,800,10,0,REF_20250115_0035,calibrated_H2S_gas_standard,technician_john,industrial_facility_A,v2.0,2025-01-15T14:23:45Z,train,D:\H2S DOSIMETER AI\data\h2s_calibration_dataset\images\IMG_20250115_C0_STRIP_C0_007_LO01.jpg,Optimal lighting and positioning
IMG_20250115_C0_STRIP_C0_007_LO02,STRIP_C0_007,BATCH_2024_Q4_LOT_03,C0,0,No/Negligible,0.55,"[0.0, 1.0]",Samsung Galaxy S23,4000x3000,low_light_led,auto,33,800,10,0,REF_20250115_0036,calibrated_H2S_gas_standard,technician_john,industrial_facility_A,v2.0,2025-01-15T14:23:45Z,train,D:\H2S DOSIMETER AI\data\h2s_calibration_dataset\images\IMG_20250115_C0_STRIP_C0_007_LO02.jpg,Optimal lighting and positioning
IMG_20250115_C0_STRIP_C0_010_FL01,STRIP_C0_010,BATCH_2024_Q4_LOT_03,C0,0,No/Negligible,0.3,"[0.0, 1.0]",Samsung Galaxy S23,4000x3000,fluorescent,auto,33,800,10,0,REF_20250115_0037,calibrated_H2S_gas_standard,technician_john,industrial_facility_A,v2.0,2025-01-15T14:23:45Z,train,D:\H2S DOSIMETER AI\data\h2s_calibration_dataset\images\IMG_20250115_C0_STRIP_C0_010_FL01.jpg,Optimal lighting and positioning
IMG_20250115_C0_STRIP_C0_010_FL02,STRIP_C0_010,BATCH_2024_Q4_LOT_03,C0,0,No/Negligible,0.3,"[0.0, 1.0]",Samsung Galaxy S23,4000x3000,fluorescent,auto,33,800,10,0,REF_20250115_0038,calibrated_H2S_gas_standard,technician_john,industrial_facility_A,v2.0,2025-01-15T14:23:45Z,train,D:\H2S DOSIMETER AI\data\h2s_calibration_dataset\images\IMG_20250115_C0_STRIP_C0_010_FL02.jpg,Optimal lighting and positioning
IMG_20250115_C0_STRIP_C0_010_DA01,STRIP_C0_010,BATCH_2024_Q4_LOT_03,C0,0,No/Negligible,0.3,"[0.0, 1.0]",Samsung Galaxy S23,4000x3000,daylight,auto,33,800,10,0,REF_20250115_0039,calibrated_H2S_gas_standard,technician_john,industrial_facility_A,v2.0,2025-01-15T14:23:45Z,train,D:\H2S DOSIMETER AI\data\h2s_calibration_dataset\images\IMG_20250115_C0_STRIP_C0_010_DA01.jpg,Optimal lighting and positioning
IMG_20250115_C0_STRIP_C0_010_DA02,STRIP_C0_010,BATCH_2024_Q4_LOT_03,C0,0,No/Negligible,0.3,"[0.0, 1.0]",Samsung Galaxy S23,4000x3000,daylight,auto,33,800,10,0,REF_20250115_0040,calibrated_H2S_gas_standard,technician_john,industrial_facility_A,v2.0,2025-01-15T14:23:45Z,train,D:\H2S DOSIMETER AI\data\h2s_calibration_dataset\images\IMG_20250115_C0_STRIP_C0_010_DA02.jpg,Optimal lighting and positioning
IMG_20250115_C0_STRIP_C0_010_LO01,STRIP_C0_010,BATCH_2024_Q4_LOT_03,C0,0,No/Negligible,0.3,"[0.0, 1.0]",Samsung Galaxy S23,4000x3000,low_light_led,auto,33,800,10,0,REF_20250115_0041,calibrated_H2S_gas_standard,technician_john,industrial_facility_A,v2.0,2025-01-15T14:23:45Z,train,D:\H2S DOSIMETER AI\data\h2s_calibration_dataset\images\IMG_20250115_C0_STRIP_C0_010_LO01.jpg,Optimal lighting and positioning
IMG_20250115_C0_STRIP_C0_010_LO02,STRIP_C0_010,BATCH_2024_Q4_LOT_03,C0,0,No/Negligible,0.3,"[0.0, 1.0]",Samsung Galaxy S23,4000x3000,low_light_led,auto,33,800,10,0,REF_20250115_0042,calibrated_H2S_gas_standard,technician_john,industrial_facility_A,v2.0,2025-01-15T14:23:45Z,train,D:\H2S DOSIMETER AI\data\h2s_calibration_dataset\images\IMG_20250115_C0_STRIP_C0_010_LO02.jpg,Optimal lighting and positioning
IMG_20250115_C0_STRIP_C0_005_FL01,STRIP_C0_005,BATCH_2024_Q4_LOT_03,C0,0,No/Negligible,0.33,"[0.0, 1.0]",Samsung Galaxy S23,4000x3000,fluorescent,auto,33,800,10,0,REF_20250115_0043,calibrated_H2S_gas_standard,technician_john,industrial_facility_A,v2.0,2025-01-15T14:23:45Z,val,D:\H2S DOSIMETER AI\data\h2s_calibration_dataset\images\IMG_20250115_C0_STRIP_C0_005_FL01.jpg,Optimal lighting and positioning
IMG_20250115_C0_STRIP_C0_005_FL02,STRIP_C0_005,BATCH_2024_Q4_LOT_03,C0,0,No/Negligible,0.33,"[0.0, 1.0]",Samsung Galaxy S23,4000x3000,fluorescent,auto,33,800,10,0,REF_20250115_0044,calibrated_H2S_gas_standard,technician_john,industrial_facility_A,v2.0,2025-01-15T14:23:45Z,val,D:\H2S DOSIMETER AI\data\h2s_calibration_dataset\images\IMG_20250115_C0_STRIP_C0_005_FL02.jpg,Optimal lighting and positioning
IMG_20250115_C0_STRIP_C0_005_DA01,STRIP_C0_005,BATCH_2024_Q4_LOT_03,C0,0,No/Negligible,0.33,"[0.0, 1.0]",Samsung Galaxy S23,4000x3000,daylight,auto,33,800,10,0,REF_20250115_0045,calibrated_H2S_gas_standard,technician_john,industrial_facility_A,v2.0,2025-01-15T14:23:45Z,val,D:\H2S DOSIMETER AI\data\h2s_calibration_dataset\images\IMG_20250115_C0_STRIP_C0_005_DA01.jpg,Optimal lighting and positioning
IMG_20250115_C0_STRIP_C0_005_DA02,STRIP_C0_005,BATCH_2024_Q4_LOT_03,C0,0,No/Negligible,0.33,"[0.0, 1.0]",Samsung Galaxy S23,4000x3000,daylight,auto,33,800,10,0,REF_20250115_0046,calibrated_H2S_gas_standard,technician_john,industrial_facility_A,v2.0,2025-01-15T14:23:45Z,val,D:\H2S DOSIMETER AI\data\h2s_calibration_dataset\images\IMG_20250115_C0_STRIP_C0_005_DA02.jpg,Optimal lighting and positioning
IMG_20250115_C0_STRIP_C0_005_LO01,STRIP_C0_005,BATCH_2024_Q4_LOT_03,C0,0,No/Negligible,0.33,"[0.0, 1.0]",Samsung Galaxy S23,4000x3000,low_light_led,auto,33,800,10,0,REF_20250115_0047,calibrated_H2S_gas_standard,technician_john,industrial_facility_A,v2.0,2025-01-15T14:23:45Z,val,D:\H2S DOSIMETER AI\data\h2s_calibration_dataset\images\IMG_20250115_C0_STRIP_C0_005_LO01.jpg,Optimal lighting and positioning
IMG_20250115_C0_STRIP_C0_005_LO02,STRIP_C0_005,BATCH_2024_Q4_LOT_03,C0,0,No/Negligible,0.33,"[0.0, 1.0]",Samsung Galaxy S23,4000x3000,low_light_led,auto,33,800,10,0,REF_20250115_0048,calibrated_H2S_gas_standard,technician_john,industrial_facility_A,v2.0,2025-01-15T14:23:45Z,val,D:\H2S DOSIMETER AI\data\h2s_calibration_dataset\images\IMG_20250115_C0_STRIP_C0_005_LO02.jpg,Optimal lighting and positioning
IMG_20250115_C0_STRIP_C0_001_FL01,STRIP_C0_001,BATCH_2024_Q4_LOT_03,C0,0,No/Negligible,0.71,"[0.0, 1.0]",Samsung Galaxy S23,4000x3000,fluorescent,auto,33,800,10,0,REF_20250115_0049,calibrated_H2S_gas_standard,technician_john,industrial_facility_A,v2.0,2025-01-15T14:23:45Z,val,D:\H2S DOSIMETER AI\data\h2s_calibration_dataset\images\IMG_20250115_C0_STRIP_C0_001_FL01.jpg,Optimal lighting and positioning
IMG_20250115_C0_STRIP_C0_001_FL02,STRIP_C0_001,BATCH_2024_Q4_LOT_03,C0,0,No/Negligible,0.71,"[0.0, 1.0]",Samsung Galaxy S23,4000x3000,fluorescent,auto,33,800,10,0,REF_20250115_0050,calibrated_H2S_gas_standard,technician_john,industrial_facility_A,v2.0,2025-01-15T14:23:45Z,val,D:\H2S DOSIMETER AI\data\h2s_calibration_dataset\images\IMG_20250115_C0_STRIP_C0_001_FL02.jpg,Optimal lighting and positioning
IMG_20250115_C0_STRIP_C0_001_DA01,STRIP_C0_001,BATCH_2024_Q4_LOT_03,C0,0,No/Negligible,0.71,"[0.0, 1.0]",Samsung Galaxy S23,4000x3000,daylight,auto,33,800,10,0,REF_20250115_0051,calibrated_H2S_gas_standard,technician_john,industrial_facility_A,v2.0,2025-01-15T14:23:45Z,val,D:\H2S DOSIMETER AI\data\h2s_calibration_dataset\images\IMG_20250115_C0_STRIP_C0_001_DA01.jpg,Optimal lighting and positioning
IMG_20250115_C0_STRIP_C0_001_DA02,STRIP_C0_001,BATCH_2024_Q4_LOT_03,C0,0,No/Negligible,0.71,"[0.0, 1.0]",Samsung Galaxy S23,4000x3000,daylight,auto,33,800,10,0,REF_20250115_0052,calibrated_H2S_gas_standard,technician_john,industrial_facility_A,v2.0,2025-01-15T14:23:45Z,val,D:\H2S DOSIMETER AI\data\h2s_calibration_dataset\images\IMG_20250115_C0_STRIP_C0_001_DA02.jpg,Optimal lighting and positioning
IMG_20250115_C0_STRIP_C0_001_LO01,STRIP_C0_001,BATCH_2024_Q4_LOT_03,C0,0,No/Negligible,0.71,"[0.0, 1.0]",Samsung Galaxy S23,4000x3000,low_light_led,auto,33,800,10,0,REF_20250115_0053,calibrated_H2S_gas_standard,technician_john,industrial_facility_A,v2.0,2025-01-15T14:23:45Z,val,D:\H2S DOSIMETER AI\data\h2s_calibration_dataset\images\IMG_20250115_C0_STRIP_C0_001_LO01.jpg,Optimal lighting and positioning
IMG_20250115_C0_STRIP_C0_001_LO02,STRIP_C0_001,BATCH_2024_Q4_LOT_03,C0,0,No/Negligible,0.71,"[0.0, 1.0]",Samsung Galaxy S23,4000x3000,low_light_led,auto,33,800,10,0,REF_20250115_0054,calibrated_H2S_gas_standard,technician_john,industrial_facility_A,v2.0,2025-01-15T14:23:45Z,val,D:\H2S DOSIMETER AI\data\h2s_calibration_dataset\images\IMG_20250115_C0_STRIP_C0_001_LO02.jpg,Optimal lighting and positioning
IMG_20250115_C0_STRIP_C0_002_FL01,STRIP_C0_002,BATCH_2024_Q4_LOT_03,C0,0,No/Negligible,0.76,"[0.0, 1.0]",Samsung Galaxy S23,4000x3000,fluorescent,auto,33,800,10,0,REF_20250115_0055,calibrated_H2S_gas_standard,technician_john,industrial_facility_A,v2.0,2025-01-15T14:23:45Z,test,D:\H2S DOSIMETER AI\data\h2s_calibration_dataset\images\IMG_20250115_C0_STRIP_C0_002_FL01.jpg,Optimal lighting and positioning
IMG_20250115_C0_STRIP_C0_002_FL02,STRIP_C0_002,BATCH_2024_Q4_LOT_03,C0,0,No/Negligible,0.76,"[0.0, 1.0]",Samsung Galaxy S23,4000x3000,fluorescent,auto,33,800,10,0,REF_20250115_0056,calibrated_H2S_gas_standard,technician_john,industrial_facility_A,v2.0,2025-01-15T14:23:45Z,test,D:\H2S DOSIMETER AI\data\h2s_calibration_dataset\images\IMG_20250115_C0_STRIP_C0_002_FL02.jpg,Optimal lighting and positioning
IMG_20250115_C0_STRIP_C0_002_DA01,STRIP_C0_002,BATCH_2024_Q4_LOT_03,C0,0,No/Negligible,0.76,"[0.0, 1.0]",Samsung Galaxy S23,4000x3000,daylight,auto,33,800,10,0,REF_20250115_0057,calibrated_H2S_gas_standard,technician_john,industrial_facility_A,v2.0,2025-01-15T14:23:45Z,test,D:\H2S DOSIMETER AI\data\h2s_calibration_dataset\images\IMG_20250115_C0_STRIP_C0_002_DA01.jpg,Optimal lighting and positioning
IMG_20250115_C0_STRIP_C0_002_DA02,STRIP_C0_002,BATCH_2024_Q4_LOT_03,C0,0,No/Negligible,0.76,"[0.0, 1.0]",Samsung Galaxy S23,4000x3000,daylight,auto,33,800,10,0,REF_20250115_0058,calibrated_H2S_gas_standard,technician_john,industrial_facility_A,v2.0,2025-01-15T14:23:45Z,test,D:\H2S DOSIMETER AI\data\h2s_calibration_dataset\images\IMG_20250115_C0_STRIP_C0_002_DA02.jpg,Optimal lighting and positioning
IMG_20250115_C0_STRIP_C0_002_LO01,STRIP_C0_002,BATCH_2024_Q4_LOT_03,C0,0,No/Negligible,0.76,"[0.0, 1.0]",Samsung Galaxy S23,4000x3000,low_light_led,auto,33,800,10,0,REF_20250115_0059,calibrated_H2S_gas_standard,technician_john,industrial_facility_A,v2.0,2025-01-15T14:23:45Z,test,D:\H2S DOSIMETER AI\data\h2s_calibration_dataset\images\IMG_20250115_C0_STRIP_C0_002_LO01.jpg,Optimal lighting and positioning
IMG_20250115_C0_STRIP_C0_002_LO02,STRIP_C0_002,BATCH_2024_Q4_LOT_03,C0,0,No/Negligible,0.76,"[0.0, 1.0]",Samsung Galaxy S23,4000x3000,low_light_led,auto,33,800,10,0,REF_20250115_0060,calibrated_H2S_gas_standard,technician_john,industrial_facility_A,v2.0,2025-01-15T14:23:45Z,test,D:\H2S DOSIMETER AI\data\h2s_calibration_dataset\images\IMG_20250115_C0_STRIP_C0_002_LO02.jpg,Optimal lighting and positioning
IMG_20250115_C1_STRIP_C1_009_FL01,STRIP_C1_009,BATCH_2024_Q4_LOT_03,C1,1,Low,4.58,"[1.0, 10.0]",Samsung Galaxy S23,4000x3000,fluorescent,auto,33,800,10,0,REF_20250115_0061,calibrated_H2S_gas_standard,technician_john,industrial_facility_A,v2.0,2025-01-15T14:23:45Z,train,D:\H2S DOSIMETER AI\data\h2s_calibration_dataset\images\IMG_20250115_C1_STRIP_C1_009_FL01.jpg,Optimal lighting and positioning
IMG_20250115_C1_STRIP_C1_009_FL02,STRIP_C1_009,BATCH_2024_Q4_LOT_03,C1,1,Low,4.58,"[1.0, 10.0]",Samsung Galaxy S23,4000x3000,fluorescent,auto,33,800,10,0,REF_20250115_0062,calibrated_H2S_gas_standard,technician_john,industrial_facility_A,v2.0,2025-01-15T14:23:45Z,train,D:\H2S DOSIMETER AI\data\h2s_calibration_dataset\images\IMG_20250115_C1_STRIP_C1_009_FL02.jpg,Optimal lighting and positioning
IMG_20250115_C1_STRIP_C1_009_DA01,STRIP_C1_009,BATCH_2024_Q4_LOT_03,C1,1,Low,4.58,"[1.0, 10.0]",Samsung Galaxy S23,4000x3000,daylight,auto,33,800,10,0,REF_20250115_0063,calibrated_H2S_gas_standard,technician_john,industrial_facility_A,v2.0,2025-01-15T14:23:45Z,train,D:\H2S DOSIMETER AI\data\h2s_calibration_dataset\images\IMG_20250115_C1_STRIP_C1_009_DA01.jpg,Optimal lighting and positioning
IMG_20250115_C1_STRIP_C1_009_DA02,STRIP_C1_009,BATCH_2024_Q4_LOT_03,C1,1,Low,4.58,"[1.0, 10.0]",Samsung Galaxy S23,4000x3000,daylight,auto,33,800,10,0,REF_20250115_0064,calibrated_H2S_gas_standard,technician_john,industrial_facility_A,v2.0,2025-01-15T14:23:45Z,train,D:\H2S DOSIMETER AI\data\h2s_calibration_dataset\images\IMG_20250115_C1_STRIP_C1_009_DA02.jpg,Optimal lighting and positioning
IMG_20250115_C1_STRIP_C1_009_LO01,STRIP_C1_009,BATCH_2024_Q4_LOT_03,C1,1,Low,4.58,"[1.0, 10.0]",Samsung Galaxy S23,4000x3000,low_light_led,auto,33,800,10,0,REF_20250115_0065,calibrated_H2S_gas_standard,technician_john,industrial_facility_A,v2.0,2025-01-15T14:23:45Z,train,D:\H2S DOSIMETER AI\data\h2s_calibration_dataset\images\IMG_20250115_C1_STRIP_C1_009_LO01.jpg,Optimal lighting and positioning
IMG_20250115_C1_STRIP_C1_009_LO02,STRIP_C1_009,BATCH_2024_Q4_LOT_03,C1,1,Low,4.58,"[1.0, 10.0]",Samsung Galaxy S23,4000x3000,low_light_led,auto,33,800,10,0,REF_20250115_0066,calibrated_H2S_gas_standard,technician_john,industrial_facility_A,v2.0,2025-01-15T14:23:45Z,train,D:\H2S DOSIMETER AI\data\h2s_calibration_dataset\images\IMG_20250115_C1_STRIP_C1_009_LO02.jpg,Optimal lighting and positioning
IMG_20250115_C1_STRIP_C1_002_FL01,STRIP_C1_002,BATCH_2024_Q4_LOT_03,C1,1,Low,7.35,"[1.0, 10.0]",Samsung Galaxy S23,4000x3000,fluorescent,auto,33,800,10,0,REF_20250115_0067,calibrated_H2S_gas_standard,technician_john,industrial_facility_A,v2.0,2025-01-15T14:23:45Z,train,D:\H2S DOSIMETER AI\data\h2s_calibration_dataset\images\IMG_20250115_C1_STRIP_C1_002_FL01.jpg,Optimal lighting and positioning
IMG_20250115_C1_STRIP_C1_002_FL02,STRIP_C1_002,BATCH_2024_Q4_LOT_03,C1,1,Low,7.35,"[1.0, 10.0]",Samsung Galaxy S23,4000x3000,fluorescent,auto,33,800,10,0,REF_20250115_0068,calibrated_H2S_gas_standard,technician_john,industrial_facility_A,v2.0,2025-01-15T14:23:45Z,train,D:\H2S DOSIMETER AI\data\h2s_calibration_dataset\images\IMG_20250115_C1_STRIP_C1_002_FL02.jpg,Optimal lighting and positioning
IMG_20250115_C1_STRIP_C1_002_DA01,STRIP_C1_002,BATCH_2024_Q4_LOT_03,C1,1,Low,7.35,"[1.0, 10.0]",Samsung Galaxy S23,4000x3000,daylight,auto,33,800,10,0,REF_20250115_0069,calibrated_H2S_gas_standard,technician_john,industrial_facility_A,v2.0,2025-01-15T14:23:45Z,train,D:\H2S DOSIMETER AI\data\h2s_calibration_dataset\images\IMG_20250115_C1_STRIP_C1_002_DA01.jpg,Optimal lighting and positioning
IMG_20250115_C1_STRIP_C1_002_DA02,STRIP_C1_002,BATCH_2024_Q4_LOT_03,C1,1,Low,7.35,"[1.0, 10.0]",Samsung Galaxy S23,4000x3000,daylight,auto,33,800,10,0,REF_20250115_0070,calibrated_H2S_gas_standard,technician_john,industrial_facility_A,v2.0,2025-01-15T14:23:45Z,train,D:\H2S DOSIMETER AI\data\h2s_calibration_dataset\images\IMG_20250115_C1_STRIP_C1_002_DA02.jpg,Optimal lighting and positioning
IMG_20250115_C1_STRIP_C1_002_LO01,STRIP_C1_002,BATCH_2024_Q4_LOT_03,C1,1,Low,7.35,"[1.0, 10.0]",Samsung Galaxy S23,4000x3000,low_light_led,auto,33,800,10,0,REF_20250115_0071,calibrated_H2S_gas_standard,technician_john,industrial_facility_A,v2.0,2025-01-15T14:23:45Z,train,D:\H2S DOSIMETER AI\data\h2s_calibration_dataset\images\IMG_20250115_C1_STRIP_C1_002_LO01.jpg,Optimal lighting and positioning
IMG_20250115_C1_STRIP_C1_002_LO02,STRIP_C1_002,BATCH_2024_Q4_LOT_03,C1,1,Low,7.35,"[1.0, 10.0]",Samsung Galaxy S23,4000x3000,low_light_led,auto,33,800,10,0,REF_20250115_0072,calibrated_H2S_gas_standard,technician_john,industrial_facility_A,v2.0,2025-01-15T14:23:45Z,train,D:\H2S DOSIMETER AI\data\h2s_calibration_dataset\images\IMG_20250115_C1_STRIP_C1_002_LO02.jpg,Optimal lighting and positioning
IMG_20250115_C1_STRIP_C1_006_FL01,STRIP_C1_006,BATCH_2024_Q4_LOT_03,C1,1,Low,4.24,"[1.0, 10.0]",Samsung Galaxy S23,4000x3000,fluorescent,auto,33,800,10,0,REF_20250115_0073,calibrated_H2S_gas_standard,technician_john,industrial_facility_A,v2.0,2025-01-15T14:23:45Z,train,D:\H2S DOSIMETER AI\data\h2s_calibration_dataset\images\IMG_20250115_C1_STRIP_C1_006_FL01.jpg,Optimal lighting and positioning
IMG_20250115_C1_STRIP_C1_006_FL02,STRIP_C1_006,BATCH_2024_Q4_LOT_03,C1,1,Low,4.24,"[1.0, 10.0]",Samsung Galaxy S23,4000x3000,fluorescent,auto,33,800,10,0,REF_20250115_0074,calibrated_H2S_gas_standard,technician_john,industrial_facility_A,v2.0,2025-01-15T14:23:45Z,train,D:\H2S DOSIMETER AI\data\h2s_calibration_dataset\images\IMG_20250115_C1_STRIP_C1_006_FL02.jpg,Optimal lighting and positioning
IMG_20250115_C1_STRIP_C1_006_DA01,STRIP_C1_006,BATCH_2024_Q4_LOT_03,C1,1,Low,4.24,"[1.0, 10.0]",Samsung Galaxy S23,4000x3000,daylight,auto,33,800,10,0,REF_20250115_0075,calibrated_H2S_gas_standard,technician_john,industrial_facility_A,v2.0,2025-01-15T14:23:45Z,train,D:\H2S DOSIMETER AI\data\h2s_calibration_dataset\images\IMG_20250115_C1_STRIP_C1_006_DA01.jpg,Optimal lighting and positioning
IMG_20250115_C1_STRIP_C1_006_DA02,STRIP_C1_006,BATCH_2024_Q4_LOT_03,C1,1,Low,4.24,"[1.0, 10.0]",Samsung Galaxy S23,4000x3000,daylight,auto,33,800,10,0,REF_20250115_0076,calibrated_H2S_gas_standard,technician_john,industrial_facility_A,v2.0,2025-01-15T14:23:45Z,train,D:\H2S DOSIMETER AI\data\h2s_calibration_dataset\images\IMG_20250115_C1_STRIP_C1_006_DA02.jpg,Optimal lighting and positioning
IMG_20250115_C1_STRIP_C1_006_LO01,STRIP_C1_006,BATCH_2024_Q4_LOT_03,C1,1,Low,4.24,"[1.0, 10.0]",Samsung Galaxy S23,4000x3000,low_light_led,auto,33,800,10,0,REF_20250115_0077,calibrated_H2S_gas_standard,technician_john,industrial_facility_A,v2.0,2025-01-15T14:23:45Z,train,D:\H2S DOSIMETER AI\data\h2s_calibration_dataset\images\IMG_20250115_C1_STRIP_C1_006_LO01.jpg,Optimal lighting and positioning
IMG_20250115_C1_STRIP_C1_006_LO02,STRIP_C1_006,BATCH_2024_Q4_LOT_03,C1,1,Low,4.24,"[1.0, 10.0]",Samsung Galaxy S23,4000x3000,low_light_led,auto,33,800,10,0,REF_20250115_0078,calibrated_H2S_gas_standard,technician_john,industrial_facility_A,v2.0,2025-01-15T14:23:45Z,train,D:\H2S DOSIMETER AI\data\h2s_calibration_dataset\images\IMG_20250115_C1_STRIP_C1_006_LO02.jpg,Optimal lighting and positioning
IMG_20250115_C1_STRIP_C1_007_FL01,STRIP_C1_007,BATCH_2024_Q4_LOT_03,C1,1,Low,5.24,"[1.0, 10.0]",Samsung Galaxy S23,4000x3000,fluorescent,auto,33,800,10,0,REF_20250115_0079,calibrated_H2S_gas_standard,technician_john,industrial_facility_A,v2.0,2025-01-15T14:23:45Z,train,D:\H2S DOSIMETER AI\data\h2s_calibration_dataset\images\IMG_20250115_C1_STRIP_C1_007_FL01.jpg,Optimal lighting and positioning
IMG_20250115_C1_STRIP_C1_007_FL02,STRIP_C1_007,BATCH_2024_Q4_LOT_03,C1,1,Low,5.24,"[1.0, 10.0]",Samsung Galaxy S23,4000x3000,fluorescent,auto,33,800,10,0,REF_20250115_0080,calibrated_H2S_gas_standard,technician_john,industrial_facility_A,v2.0,2025-01-15T14:23:45Z,train,D:\H2S DOSIMETER AI\data\h2s_calibration_dataset\images\IMG_20250115_C1_STRIP_C1_007_FL02.jpg,Optimal lighting and positioning
IMG_20250115_C1_STRIP_C1_007_DA01,STRIP_C1_007,BATCH_2024_Q4_LOT_03,C1,1,Low,5.24,"[1.0, 10.0]",Samsung Galaxy S23,4000x3000,daylight,auto,33,800,10,0,REF_20250115_0081,calibrated_H2S_gas_standard,technician_john,industrial_facility_A,v2.0,2025-01-15T14:23:45Z,train,D:\H2S DOSIMETER AI\data\h2s_calibration_dataset\images\IMG_20250115_C1_STRIP_C1_007_DA01.jpg,Optimal lighting and positioning
IMG_20250115_C1_STRIP_C1_007_DA02,STRIP_C1_007,BATCH_2024_Q4_LOT_03,C1,1,Low,5.24,"[1.0, 10.0]",Samsung Galaxy S23,4000x3000,daylight,auto,33,800,10,0,REF_20250115_0082,calibrated_H2S_gas_standard,technician_john,industrial_facility_A,v2.0,2025-01-15T14:23:45Z,train,D:\H2S DOSIMETER AI\data\h2s_calibration_dataset\images\IMG_20250115_C1_STRIP_C1_007_DA02.jpg,Optimal lighting and positioning
IMG_20250115_C1_STRIP_C1_007_LO01,STRIP_C1_007,BATCH_2024_Q4_LOT_03,C1,1,Low,5.24,"[1.0, 10.0]",Samsung Galaxy S23,4000x3000,low_light_led,auto,33,800,10,0,REF_20250115_0083,calibrated_H2S_gas_standard,technician_john,industrial_facility_A,v2.0,2025-01-15T14:23:45Z,train,D:\H2S DOSIMETER AI\data\h2s_calibration_dataset\images\IMG_20250115_C1_STRIP_C1_007_LO01.jpg,Optimal lighting and positioning
IMG_20250115_C1_STRIP_C1_007_LO02,STRIP_C1_007,BATCH_2024_Q4_LOT_03,C1,1,Low,5.24,"[1.0, 10.0]",Samsung Galaxy S23,4000x3000,low_light_led,auto,33,800,10,0,REF_20250115_0084,calibrated_H2S_gas_standard,technician_john,industrial_facility_A,v2.0,2025-01-15T14:23:45Z,train,D:\H2S DOSIMETER AI\data\h2s_calibration_dataset\images\IMG_20250115_C1_STRIP_C1_007_LO02.jpg,Optimal lighting and positioning
IMG_20250115_C1_STRIP_C1_010_FL01,STRIP_C1_010,BATCH_2024_Q4_LOT_03,C1,1,Low,8.48,"[1.0, 10.0]",Samsung Galaxy S23,4000x3000,fluorescent,auto,33,800,10,0,REF_20250115_0085,calibrated_H2S_gas_standard,technician_john,industrial_facility_A,v2.0,2025-01-15T14:23:45Z,train,D:\H2S DOSIMETER AI\data\h2s_calibration_dataset\images\IMG_20250115_C1_STRIP_C1_010_FL01.jpg,Optimal lighting and positioning
IMG_20250115_C1_STRIP_C1_010_FL02,STRIP_C1_010,BATCH_2024_Q4_LOT_03,C1,1,Low,8.48,"[1.0, 10.0]",Samsung Galaxy S23,4000x3000,fluorescent,auto,33,800,10,0,REF_20250115_0086,calibrated_H2S_gas_standard,technician_john,industrial_facility_A,v2.0,2025-01-15T14:23:45Z,train,D:\H2S DOSIMETER AI\data\h2s_calibration_dataset\images\IMG_20250115_C1_STRIP_C1_010_FL02.jpg,Optimal lighting and positioning
IMG_20250115_C1_STRIP_C1_010_DA01,STRIP_C1_010,BATCH_2024_Q4_LOT_03,C1,1,Low,8.48,"[1.0, 10.0]",Samsung Galaxy S23,4000x3000,daylight,auto,33,800,10,0,REF_20250115_0087,calibrated_H2S_gas_standard,technician_john,industrial_facility_A,v2.0,2025-01-15T14:23:45Z,train,D:\H2S DOSIMETER AI\data\h2s_calibration_dataset\images\IMG_20250115_C1_STRIP_C1_010_DA01.jpg,Optimal lighting and positioning
IMG_20250115_C1_STRIP_C1_010_DA02,STRIP_C1_010,BATCH_2024_Q4_LOT_03,C1,1,Low,8.48,"[1.0, 10.0]",Samsung Galaxy S23,4000x3000,daylight,auto,33,800,10,0,REF_20250115_0088,calibrated_H2S_gas_standard,technician_john,industrial_facility_A,v2.0,2025-01-15T14:23:45Z,train,D:\H2S DOSIMETER AI\data\h2s_calibration_dataset\images\IMG_20250115_C1_STRIP_C1_010_DA02.jpg,Optimal lighting and positioning
IMG_20250115_C1_STRIP_C1_010_LO01,STRIP_C1_010,BATCH_2024_Q4_LOT_03,C1,1,Low,8.48,"[1.0, 10.0]",Samsung Galaxy S23,4000x3000,low_light_led,auto,33,800,10,0,REF_20250115_0089,calibrated_H2S_gas_standard,technician_john,industrial_facility_A,v2.0,2025-01-15T14:23:45Z,train,D:\H2S DOSIMETER AI\data\h2s_calibration_dataset\images\IMG_20250115_C1_STRIP_C1_010_LO01.jpg,Optimal lighting and positioning
IMG_20250115_C1_STRIP_C1_010_LO02,STRIP_C1_010,BATCH_2024_Q4_LOT_03,C1,1,Low,8.48,"[1.0, 10.0]",Samsung Galaxy S23,4000x3000,low_light_led,auto,33,800,10,0,REF_20250115_0090,calibrated_H2S_gas_standard,technician_john,industrial_facility_A,v2.0,2025-01-15T14:23:45Z,train,D:\H2S DOSIMETER AI\data\h2s_calibration_dataset\images\IMG_20250115_C1_STRIP_C1_010_LO02.jpg,Optimal lighting and positioning
IMG_20250115_C1_STRIP_C1_008_FL01,STRIP_C1_008,BATCH_2024_Q4_LOT_03,C1,1,Low,5.14,"[1.0, 10.0]",Samsung Galaxy S23,4000x3000,fluorescent,auto,33,800,10,0,REF_20250115_0091,calibrated_H2S_gas_standard,technician_john,industrial_facility_A,v2.0,2025-01-15T14:23:45Z,train,D:\H2S DOSIMETER AI\data\h2s_calibration_dataset\images\IMG_20250115_C1_STRIP_C1_008_FL01.jpg,Optimal lighting and positioning
IMG_20250115_C1_STRIP_C1_008_FL02,STRIP_C1_008,BATCH_2024_Q4_LOT_03,C1,1,Low,5.14,"[1.0, 10.0]",Samsung Galaxy S23,4000x3000,fluorescent,auto,33,800,10,0,REF_20250115_0092,calibrated_H2S_gas_standard,technician_john,industrial_facility_A,v2.0,2025-01-15T14:23:45Z,train,D:\H2S DOSIMETER AI\data\h2s_calibration_dataset\images\IMG_20250115_C1_STRIP_C1_008_FL02.jpg,Optimal lighting and positioning
IMG_20250115_C1_STRIP_C1_008_DA01,STRIP_C1_008,BATCH_2024_Q4_LOT_03,C1,1,Low,5.14,"[1.0, 10.0]",Samsung Galaxy S23,4000x3000,daylight,auto,33,800,10,0,REF_20250115_0093,calibrated_H2S_gas_standard,technician_john,industrial_facility_A,v2.0,2025-01-15T14:23:45Z,train,D:\H2S DOSIMETER AI\data\h2s_calibration_dataset\images\IMG_20250115_C1_STRIP_C1_008_DA01.jpg,Optimal lighting and positioning
IMG_20250115_C1_STRIP_C1_008_DA02,STRIP_C1_008,BATCH_2024_Q4_LOT_03,C1,1,Low,5.14,"[1.0, 10.0]",Samsung Galaxy S23,4000x3000,daylight,auto,33,800,10,0,REF_20250115_0094,calibrated_H2S_gas_standard,technician_john,industrial_facility_A,v2.0,2025-01-15T14:23:45Z,train,D:\H2S DOSIMETER AI\data\h2s_calibration_dataset\images\IMG_20250115_C1_STRIP_C1_008_DA02.jpg,Optimal lighting and positioning
IMG_20250115_C1_STRIP_C1_008_LO01,STRIP_C1_008,BATCH_2024_Q4_LOT_03,C1,1,Low,5.14,"[1.0, 10.0]",Samsung Galaxy S23,4000x3000,low_light_led,auto,33,800,10,0,REF_20250115_0095,calibrated_H2S_gas_standard,technician_john,industrial_facility_A,v2.0,2025-01-15T14:23:45Z,train,D:\H2S DOSIMETER AI\data\h2s_calibration_dataset\images\IMG_20250115_C1_STRIP_C1_008_LO01.jpg,Optimal lighting and positioning
IMG_20250115_C1_STRIP_C1_008_LO02,STRIP_C1_008,BATCH_2024_Q4_LOT_03,C1,1,Low,5.14,"[1.0, 10.0]",Samsung Galaxy S23,4000x3000,low_light_led,auto,33,800,10,0,REF_20250115_0096,calibrated_H2S_gas_standard,technician_john,industrial_facility_A,v2.0,2025-01-15T14:23:45Z,train,D:\H2S DOSIMETER AI\data\h2s_calibration_dataset\images\IMG_20250115_C1_STRIP_C1_008_LO02.jpg,Optimal lighting and positioning
IMG_20250115_C1_STRIP_C1_004_FL01,STRIP_C1_004,BATCH_2024_Q4_LOT_03,C1,1,Low,7.27,"[1.0, 10.0]",Samsung Galaxy S23,4000x3000,fluorescent,auto,33,800,10,0,REF_20250115_0097,calibrated_H2S_gas_standard,technician_john,industrial_facility_A,v2.0,2025-01-15T14:23:45Z,train,D:\H2S DOSIMETER AI\data\h2s_calibration_dataset\images\IMG_20250115_C1_STRIP_C1_004_FL01.jpg,Optimal lighting and positioning
IMG_20250115_C1_STRIP_C1_004_FL02,STRIP_C1_004,BATCH_2024_Q4_LOT_03,C1,1,Low,7.27,"[1.0, 10.0]",Samsung Galaxy S23,4000x3000,fluorescent,auto,33,800,10,0,REF_20250115_0098,calibrated_H2S_gas_standard,technician_john,industrial_facility_A,v2.0,2025-01-15T14:23:45Z,train,D:\H2S DOSIMETER AI\data\h2s_calibration_dataset\images\IMG_20250115_C1_STRIP_C1_004_FL02.jpg,Optimal lighting and positioning
IMG_20250115_C1_STRIP_C1_004_DA01,STRIP_C1_004,BATCH_2024_Q4_LOT_03,C1,1,Low,7.27,"[1.0, 10.0]",Samsung Galaxy S23,4000x3000,daylight,auto,33,800,10,0,REF_20250115_0099,calibrated_H2S_gas_standard,technician_john,industrial_facility_A,v2.0,2025-01-15T14:23:45Z,train,D:\H2S DOSIMETER AI\data\h2s_calibration_dataset\images\IMG_20250115_C1_STRIP_C1_004_DA01.jpg,Optimal lighting and positioning
IMG_20250115_C1_STRIP_C1_004_DA02,STRIP_C1_004,BATCH_2024_Q4_LOT_03,C1,1,Low,7.27,"[1.0, 10.0]",Samsung Galaxy S23,4000x3000,daylight,auto,33,800,10,0,REF_20250115_0100,calibrated_H2S_gas_standard,technician_john,industrial_facility_A,v2.0,2025-01-15T14:23:45Z,train,D:\H2S DOSIMETER AI\data\h2s_calibration_dataset\images\IMG_20250115_C1_STRIP_C1_004_DA02.jpg,Optimal lighting and positioning
IMG_20250115_C1_STRIP_C1_004_LO01,STRIP_C1_004,BATCH_2024_Q4_LOT_03,C1,1,Low,7.27,"[1.0, 10.0]",Samsung Galaxy S23,4000x3000,low_light_led,auto,33,800,10,0,REF_20250115_0101,calibrated_H2S_gas_standard,technician_john,industrial_facility_A,v2.0,2025-01-15T14:23:45Z,train,D:\H2S DOSIMETER AI\data\h2s_calibration_dataset\images\IMG_20250115_C1_STRIP_C1_004_LO01.jpg,Optimal lighting and positioning
IMG_20250115_C1_STRIP_C1_004_LO02,STRIP_C1_004,BATCH_2024_Q4_LOT_03,C1,1,Low,7.27,"[1.0, 10.0]",Samsung Galaxy S23,4000x3000,low_light_led,auto,33,800,10,0,REF_20250115_0102,calibrated_H2S_gas_standard,technician_john,industrial_facility_A,v2.0,2025-01-15T14:23:45Z,train,D:\H2S DOSIMETER AI\data\h2s_calibration_dataset\images\IMG_20250115_C1_STRIP_C1_004_LO02.jpg,Optimal lighting and positioning
IMG_20250115_C1_STRIP_C1_003_FL01,STRIP_C1_003,BATCH_2024_Q4_LOT_03,C1,1,Low,6.57,"[1.0, 10.0]",Samsung Galaxy S23,4000x3000,fluorescent,auto,33,800,10,0,REF_20250115_0103,calibrated_H2S_gas_standard,technician_john,industrial_facility_A,v2.0,2025-01-15T14:23:45Z,val,D:\H2S DOSIMETER AI\data\h2s_calibration_dataset\images\IMG_20250115_C1_STRIP_C1_003_FL01.jpg,Optimal lighting and positioning
IMG_20250115_C1_STRIP_C1_003_FL02,STRIP_C1_003,BATCH_2024_Q4_LOT_03,C1,1,Low,6.57,"[1.0, 10.0]",Samsung Galaxy S23,4000x3000,fluorescent,auto,33,800,10,0,REF_20250115_0104,calibrated_H2S_gas_standard,technician_john,industrial_facility_A,v2.0,2025-01-15T14:23:45Z,val,D:\H2S DOSIMETER AI\data\h2s_calibration_dataset\images\IMG_20250115_C1_STRIP_C1_003_FL02.jpg,Optimal lighting and positioning
IMG_20250115_C1_STRIP_C1_003_DA01,STRIP_C1_003,BATCH_2024_Q4_LOT_03,C1,1,Low,6.57,"[1.0, 10.0]",Samsung Galaxy S23,4000x3000,daylight,auto,33,800,10,0,REF_20250115_0105,calibrated_H2S_gas_standard,technician_john,industrial_facility_A,v2.0,2025-01-15T14:23:45Z,val,D:\H2S DOSIMETER AI\data\h2s_calibration_dataset\images\IMG_20250115_C1_STRIP_C1_003_DA01.jpg,Optimal lighting and positioning
IMG_20250115_C1_STRIP_C1_003_DA02,STRIP_C1_003,BATCH_2024_Q4_LOT_03,C1,1,Low,6.57,"[1.0, 10.0]",Samsung Galaxy S23,4000x3000,daylight,auto,33,800,10,0,REF_20250115_0106,calibrated_H2S_gas_standard,technician_john,industrial_facility_A,v2.0,2025-01-15T14:23:45Z,val,D:\H2S DOSIMETER AI\data\h2s_calibration_dataset\images\IMG_20250115_C1_STRIP_C1_003_DA02.jpg,Optimal lighting and positioning
IMG_20250115_C1_STRIP_C1_003_LO01,STRIP_C1_003,BATCH_2024_Q4_LOT_03,C1,1,Low,6.57,"[1.0, 10.0]",Samsung Galaxy S23,4000x3000,low_light_led,auto,33,800,10,0,REF_20250115_0107,calibrated_H2S_gas_standard,technician_john,industrial_facility_A,v2.0,2025-01-15T14:23:45Z,val,D:\H2S DOSIMETER AI\data\h2s_calibration_dataset\images\IMG_20250115_C1_STRIP_C1_003_LO01.jpg,Optimal lighting and positioning
IMG_20250115_C1_STRIP_C1_003_LO02,STRIP_C1_003,BATCH_2024_Q4_LOT_03,C1,1,Low,6.57,"[1.0, 10.0]",Samsung Galaxy S23,4000x3000,low_light_led,auto,33,800,10,0,REF_20250115_0108,calibrated_H2S_gas_standard,technician_john,industrial_facility_A,v2.0,2025-01-15T14:23:45Z,val,D:\H2S DOSIMETER AI\data\h2s_calibration_dataset\images\IMG_20250115_C1_STRIP_C1_003_LO02.jpg,Optimal lighting and positioning
IMG_20250115_C1_STRIP_C1_005_FL01,STRIP_C1_005,BATCH_2024_Q4_LOT_03,C1,1,Low,4.89,"[1.0, 10.0]",Samsung Galaxy S23,4000x3000,fluorescent,auto,33,800,10,0,REF_20250115_0109,calibrated_H2S_gas_standard,technician_john,industrial_facility_A,v2.0,2025-01-15T14:23:45Z,val,D:\H2S DOSIMETER AI\data\h2s_calibration_dataset\images\IMG_20250115_C1_STRIP_C1_005_FL01.jpg,Optimal lighting and positioning
IMG_20250115_C1_STRIP_C1_005_FL02,STRIP_C1_005,BATCH_2024_Q4_LOT_03,C1,1,Low,4.89,"[1.0, 10.0]",Samsung Galaxy S23,4000x3000,fluorescent,auto,33,800,10,0,REF_20250115_0110,calibrated_H2S_gas_standard,technician_john,industrial_facility_A,v2.0,2025-01-15T14:23:45Z,val,D:\H2S DOSIMETER AI\data\h2s_calibration_dataset\images\IMG_20250115_C1_STRIP_C1_005_FL02.jpg,Optimal lighting and positioning
IMG_20250115_C1_STRIP_C1_005_DA01,STRIP_C1_005,BATCH_2024_Q4_LOT_03,C1,1,Low,4.89,"[1.0, 10.0]",Samsung Galaxy S23,4000x3000,daylight,auto,33,800,10,0,REF_20250115_0111,calibrated_H2S_gas_standard,technician_john,industrial_facility_A,v2.0,2025-01-15T14:23:45Z,val,D:\H2S DOSIMETER AI\data\h2s_calibration_dataset\images\IMG_20250115_C1_STRIP_C1_005_DA01.jpg,Optimal lighting and positioning
IMG_20250115_C1_STRIP_C1_005_DA02,STRIP_C1_005,BATCH_2024_Q4_LOT_03,C1,1,Low,4.89,"[1.0, 10.0]",Samsung Galaxy S23,4000x3000,daylight,auto,33,800,10,0,REF_20250115_0112,calibrated_H2S_gas_standard,technician_john,industrial_facility_A,v2.0,2025-01-15T14:23:45Z,val,D:\H2S DOSIMETER AI\data\h2s_calibration_dataset\images\IMG_20250115_C1_STRIP_C1_005_DA02.jpg,Optimal lighting and positioning
IMG_20250115_C1_STRIP_C1_005_LO01,STRIP_C1_005,BATCH_2024_Q4_LOT_03,C1,1,Low,4.89,"[1.0, 10.0]",Samsung Galaxy S23,4000x3000,low_light_led,auto,33,800,10,0,REF_20250115_0113,calibrated_H2S_gas_standard,technician_john,industrial_facility_A,v2.0,2025-01-15T14:23:45Z,val,D:\H2S DOSIMETER AI\data\h2s_calibration_dataset\images\IMG_20250115_C1_STRIP_C1_005_LO01.jpg,Optimal lighting and positioning
IMG_20250115_C1_STRIP_C1_005_LO02,STRIP_C1_005,BATCH_2024_Q4_LOT_03,C1,1,Low,4.89,"[1.0, 10.0]",Samsung Galaxy S23,4000x3000,low_light_led,auto,33,800,10,0,REF_20250115_0114,calibrated_H2S_gas_standard,technician_john,industrial_facility_A,v2.0,2025-01-15T14:23:45Z,val,D:\H2S DOSIMETER AI\data\h2s_calibration_dataset\images\IMG_20250115_C1_STRIP_C1_005_LO02.jpg,Optimal lighting and positioning
IMG_20250115_C1_STRIP_C1_001_FL01,STRIP_C1_001,BATCH_2024_Q4_LOT_03,C1,1,Low,4.03,"[1.0, 10.0]",Samsung Galaxy S23,4000x3000,fluorescent,auto,33,800,10,0,REF_20250115_0115,calibrated_H2S_gas_standard,technician_john,industrial_facility_A,v2.0,2025-01-15T14:23:45Z,test,D:\H2S DOSIMETER AI\data\h2s_calibration_dataset\images\IMG_20250115_C1_STRIP_C1_001_FL01.jpg,Optimal lighting and positioning
IMG_20250115_C1_STRIP_C1_001_FL02,STRIP_C1_001,BATCH_2024_Q4_LOT_03,C1,1,Low,4.03,"[1.0, 10.0]",Samsung Galaxy S23,4000x3000,fluorescent,auto,33,800,10,0,REF_20250115_0116,calibrated_H2S_gas_standard,technician_john,industrial_facility_A,v2.0,2025-01-15T14:23:45Z,test,D:\H2S DOSIMETER AI\data\h2s_calibration_dataset\images\IMG_20250115_C1_STRIP_C1_001_FL02.jpg,Optimal lighting and positioning
IMG_20250115_C1_STRIP_C1_001_DA01,STRIP_C1_001,BATCH_2024_Q4_LOT_03,C1,1,Low,4.03,"[1.0, 10.0]",Samsung Galaxy S23,4000x3000,daylight,auto,33,800,10,0,REF_20250115_0117,calibrated_H2S_gas_standard,technician_john,industrial_facility_A,v2.0,2025-01-15T14:23:45Z,test,D:\H2S DOSIMETER AI\data\h2s_calibration_dataset\images\IMG_20250115_C1_STRIP_C1_001_DA01.jpg,Optimal lighting and positioning
IMG_20250115_C1_STRIP_C1_001_DA02,STRIP_C1_001,BATCH_2024_Q4_LOT_03,C1,1,Low,4.03,"[1.0, 10.0]",Samsung Galaxy S23,4000x3000,daylight,auto,33,800,10,0,REF_20250115_0118,calibrated_H2S_gas_standard,technician_john,industrial_facility_A,v2.0,2025-01-15T14:23:45Z,test,D:\H2S DOSIMETER AI\data\h2s_calibration_dataset\images\IMG_20250115_C1_STRIP_C1_001_DA02.jpg,Optimal lighting and positioning
IMG_20250115_C1_STRIP_C1_001_LO01,STRIP_C1_001,BATCH_2024_Q4_LOT_03,C1,1,Low,4.03,"[1.0, 10.0]",Samsung Galaxy S23,4000x3000,low_light_led,auto,33,800,10,0,REF_20250115_0119,calibrated_H2S_gas_standard,technician_john,industrial_facility_A,v2.0,2025-01-15T14:23:45Z,test,D:\H2S DOSIMETER AI\data\h2s_calibration_dataset\images\IMG_20250115_C1_STRIP_C1_001_LO01.jpg,Optimal lighting and positioning
IMG_20250115_C1_STRIP_C1_001_LO02,STRIP_C1_001,BATCH_2024_Q4_LOT_03,C1,1,Low,4.03,"[1.0, 10.0]",Samsung Galaxy S23,4000x3000,low_light_led,auto,33,800,10,0,REF_20250115_0120,calibrated_H2S_gas_standard,technician_john,industrial_facility_A,v2.0,2025-01-15T14:23:45Z,test,D:\H2S DOSIMETER AI\data\h2s_calibration_dataset\images\IMG_20250115_C1_STRIP_C1_001_LO02.jpg,Optimal lighting and positioning
IMG_20250115_C2_STRIP_C2_005_FL01,STRIP_C2_005,BATCH_2024_Q4_LOT_03,C2,2,Medium,27.76,"[10.0, 50.0]",Samsung Galaxy S23,4000x3000,fluorescent,auto,33,800,10,0,REF_20250115_0121,calibrated_H2S_gas_standard,technician_john,industrial_facility_A,v2.0,2025-01-15T14:23:45Z,train,D:\H2S DOSIMETER AI\data\h2s_calibration_dataset\images\IMG_20250115_C2_STRIP_C2_005_FL01.jpg,Optimal lighting and positioning
IMG_20250115_C2_STRIP_C2_005_FL02,STRIP_C2_005,BATCH_2024_Q4_LOT_03,C2,2,Medium,27.76,"[10.0, 50.0]",Samsung Galaxy S23,4000x3000,fluorescent,auto,33,800,10,0,REF_20250115_0122,calibrated_H2S_gas_standard,technician_john,industrial_facility_A,v2.0,2025-01-15T14:23:45Z,train,D:\H2S DOSIMETER AI\data\h2s_calibration_dataset\images\IMG_20250115_C2_STRIP_C2_005_FL02.jpg,Optimal lighting and positioning
IMG_20250115_C2_STRIP_C2_005_DA01,STRIP_C2_005,BATCH_2024_Q4_LOT_03,C2,2,Medium,27.76,"[10.0, 50.0]",Samsung Galaxy S23,4000x3000,daylight,auto,33,800,10,0,REF_20250115_0123,calibrated_H2S_gas_standard,technician_john,industrial_facility_A,v2.0,2025-01-15T14:23:45Z,train,D:\H2S DOSIMETER AI\data\h2s_calibration_dataset\images\IMG_20250115_C2_STRIP_C2_005_DA01.jpg,Optimal lighting and positioning
IMG_20250115_C2_STRIP_C2_005_DA02,STRIP_C2_005,BATCH_2024_Q4_LOT_03,C2,2,Medium,27.76,"[10.0, 50.0]",Samsung Galaxy S23,4000x3000,daylight,auto,33,800,10,0,REF_20250115_0124,calibrated_H2S_gas_standard,technician_john,industrial_facility_A,v2.0,2025-01-15T14:23:45Z,train,D:\H2S DOSIMETER AI\data\h2s_calibration_dataset\images\IMG_20250115_C2_STRIP_C2_005_DA02.jpg,Optimal lighting and positioning
IMG_20250115_C2_STRIP_C2_005_LO01,STRIP_C2_005,BATCH_2024_Q4_LOT_03,C2,2,Medium,27.76,"[10.0, 50.0]",Samsung Galaxy S23,4000x3000,low_light_led,auto,33,800,10,0,REF_20250115_0125,calibrated_H2S_gas_standard,technician_john,industrial_facility_A,v2.0,2025-01-15T14:23:45Z,train,D:\H2S DOSIMETER AI\data\h2s_calibration_dataset\images\IMG_20250115_C2_STRIP_C2_005_LO01.jpg,Optimal lighting and positioning
IMG_20250115_C2_STRIP_C2_005_LO02,STRIP_C2_005,BATCH_2024_Q4_LOT_03,C2,2,Medium,27.76,"[10.0, 50.0]",Samsung Galaxy S23,4000x3000,low_light_led,auto,33,800,10,0,REF_20250115_0126,calibrated_H2S_gas_standard,technician_john,industrial_facility_A,v2.0,2025-01-15T14:23:45Z,train,D:\H2S DOSIMETER AI\data\h2s_calibration_dataset\images\IMG_20250115_C2_STRIP_C2_005_LO02.jpg,Optimal lighting and positioning
IMG_20250115_C2_STRIP_C2_006_FL01,STRIP_C2_006,BATCH_2024_Q4_LOT_03,C2,2,Medium,38.65,"[10.0, 50.0]",Samsung Galaxy S23,4000x3000,fluorescent,auto,33,800,10,0,REF_20250115_0127,calibrated_H2S_gas_standard,technician_john,industrial_facility_A,v2.0,2025-01-15T14:23:45Z,train,D:\H2S DOSIMETER AI\data\h2s_calibration_dataset\images\IMG_20250115_C2_STRIP_C2_006_FL01.jpg,Optimal lighting and positioning
IMG_20250115_C2_STRIP_C2_006_FL02,STRIP_C2_006,BATCH_2024_Q4_LOT_03,C2,2,Medium,38.65,"[10.0, 50.0]",Samsung Galaxy S23,4000x3000,fluorescent,auto,33,800,10,0,REF_20250115_0128,calibrated_H2S_gas_standard,technician_john,industrial_facility_A,v2.0,2025-01-15T14:23:45Z,train,D:\H2S DOSIMETER AI\data\h2s_calibration_dataset\images\IMG_20250115_C2_STRIP_C2_006_FL02.jpg,Optimal lighting and positioning
IMG_20250115_C2_STRIP_C2_006_DA01,STRIP_C2_006,BATCH_2024_Q4_LOT_03,C2,2,Medium,38.65,"[10.0, 50.0]",Samsung Galaxy S23,4000x3000,daylight,auto,33,800,10,0,REF_20250115_0129,calibrated_H2S_gas_standard,technician_john,industrial_facility_A,v2.0,2025-01-15T14:23:45Z,train,D:\H2S DOSIMETER AI\data\h2s_calibration_dataset\images\IMG_20250115_C2_STRIP_C2_006_DA01.jpg,Optimal lighting and positioning
IMG_20250115_C2_STRIP_C2_006_DA02,STRIP_C2_006,BATCH_2024_Q4_LOT_03,C2,2,Medium,38.65,"[10.0, 50.0]",Samsung Galaxy S23,4000x3000,daylight,auto,33,800,10,0,REF_20250115_0130,calibrated_H2S_gas_standard,technician_john,industrial_facility_A,v2.0,2025-01-15T14:23:45Z,train,D:\H2S DOSIMETER AI\data\h2s_calibration_dataset\images\IMG_20250115_C2_STRIP_C2_006_DA02.jpg,Optimal lighting and positioning
IMG_20250115_C2_STRIP_C2_006_LO01,STRIP_C2_006,BATCH_2024_Q4_LOT_03,C2,2,Medium,38.65,"[10.0, 50.0]",Samsung Galaxy S23,4000x3000,low_light_led,auto,33,800,10,0,REF_20250115_0131,calibrated_H2S_gas_standard,technician_john,industrial_facility_A,v2.0,2025-01-15T14:23:45Z,train,D:\H2S DOSIMETER AI\data\h2s_calibration_dataset\images\IMG_20250115_C2_STRIP_C2_006_LO01.jpg,Optimal lighting and positioning
IMG_20250115_C2_STRIP_C2_006_LO02,STRIP_C2_006,BATCH_2024_Q4_LOT_03,C2,2,Medium,38.65,"[10.0, 50.0]",Samsung Galaxy S23,4000x3000,low_light_led,auto,33,800,10,0,REF_20250115_0132,calibrated_H2S_gas_standard,technician_john,industrial_facility_A,v2.0,2025-01-15T14:23:45Z,train,D:\H2S DOSIMETER AI\data\h2s_calibration_dataset\images\IMG_20250115_C2_STRIP_C2_006_LO02.jpg,Optimal lighting and positioning
IMG_20250115_C2_STRIP_C2_001_FL01,STRIP_C2_001,BATCH_2024_Q4_LOT_03,C2,2,Medium,16.13,"[10.0, 50.0]",Samsung Galaxy S23,4000x3000,fluorescent,auto,33,800,10,0,REF_20250115_0133,calibrated_H2S_gas_standard,technician_john,industrial_facility_A,v2.0,2025-01-15T14:23:45Z,train,D:\H2S DOSIMETER AI\data\h2s_calibration_dataset\images\IMG_20250115_C2_STRIP_C2_001_FL01.jpg,Optimal lighting and positioning
IMG_20250115_C2_STRIP_C2_001_FL02,STRIP_C2_001,BATCH_2024_Q4_LOT_03,C2,2,Medium,16.13,"[10.0, 50.0]",Samsung Galaxy S23,4000x3000,fluorescent,auto,33,800,10,0,REF_20250115_0134,calibrated_H2S_gas_standard,technician_john,industrial_facility_A,v2.0,2025-01-15T14:23:45Z,train,D:\H2S DOSIMETER AI\data\h2s_calibration_dataset\images\IMG_20250115_C2_STRIP_C2_001_FL02.jpg,Optimal lighting and positioning
IMG_20250115_C2_STRIP_C2_001_DA01,STRIP_C2_001,BATCH_2024_Q4_LOT_03,C2,2,Medium,16.13,"[10.0, 50.0]",Samsung Galaxy S23,4000x3000,daylight,auto,33,800,10,0,REF_20250115_0135,calibrated_H2S_gas_standard,technician_john,industrial_facility_A,v2.0,2025-01-15T14:23:45Z,train,D:\H2S DOSIMETER AI\data\h2s_calibration_dataset\images\IMG_20250115_C2_STRIP_C2_001_DA01.jpg,Optimal lighting and positioning
IMG_20250115_C2_STRIP_C2_001_DA02,STRIP_C2_001,BATCH_2024_Q4_LOT_03,C2,2,Medium,16.13,"[10.0, 50.0]",Samsung Galaxy S23,4000x3000,daylight,auto,33,800,10,0,REF_20250115_0136,calibrated_H2S_gas_standard,technician_john,industrial_facility_A,v2.0,2025-01-15T14:23:45Z,train,D:\H2S DOSIMETER AI\data\h2s_calibration_dataset\images\IMG_20250115_C2_STRIP_C2_001_DA02.jpg,Optimal lighting and positioning
IMG_20250115_C2_STRIP_C2_001_LO01,STRIP_C2_001,BATCH_2024_Q4_LOT_03,C2,2,Medium,16.13,"[10.0, 50.0]",Samsung Galaxy S23,4000x3000,low_light_led,auto,33,800,10,0,REF_20250115_0137,calibrated_H2S_gas_standard,technician_john,industrial_facility_A,v2.0,2025-01-15T14:23:45Z,train,D:\H2S DOSIMETER AI\data\h2s_calibration_dataset\images\IMG_20250115_C2_STRIP_C2_001_LO01.jpg,Optimal lighting and positioning
IMG_20250115_C2_STRIP_C2_001_LO02,STRIP_C2_001,BATCH_2024_Q4_LOT_03,C2,2,Medium,16.13,"[10.0, 50.0]",Samsung Galaxy S23,4000x3000,low_light_led,auto,33,800,10,0,REF_20250115_0138,calibrated_H2S_gas_standard,technician_john,industrial_facility_A,v2.0,2025-01-15T14:23:45Z,train,D:\H2S DOSIMETER AI\data\h2s_calibration_dataset\images\IMG_20250115_C2_STRIP_C2_001_LO02.jpg,Optimal lighting and positioning
IMG_20250115_C2_STRIP_C2_003_FL01,STRIP_C2_003,BATCH_2024_Q4_LOT_03,C2,2,Medium,33.79,"[10.0, 50.0]",Samsung Galaxy S23,4000x3000,fluorescent,auto,33,800,10,0,REF_20250115_0139,calibrated_H2S_gas_standard,technician_john,industrial_facility_A,v2.0,2025-01-15T14:23:45Z,train,D:\H2S DOSIMETER AI\data\h2s_calibration_dataset\images\IMG_20250115_C2_STRIP_C2_003_FL01.jpg,Optimal lighting and positioning
IMG_20250115_C2_STRIP_C2_003_FL02,STRIP_C2_003,BATCH_2024_Q4_LOT_03,C2,2,Medium,33.79,"[10.0, 50.0]",Samsung Galaxy S23,4000x3000,fluorescent,auto,33,800,10,0,REF_20250115_0140,calibrated_H2S_gas_standard,technician_john,industrial_facility_A,v2.0,2025-01-15T14:23:45Z,train,D:\H2S DOSIMETER AI\data\h2s_calibration_dataset\images\IMG_20250115_C2_STRIP_C2_003_FL02.jpg,Optimal lighting and positioning
IMG_20250115_C2_STRIP_C2_003_DA01,STRIP_C2_003,BATCH_2024_Q4_LOT_03,C2,2,Medium,33.79,"[10.0, 50.0]",Samsung Galaxy S23,4000x3000,daylight,auto,33,800,10,0,REF_20250115_0141,calibrated_H2S_gas_standard,technician_john,industrial_facility_A,v2.0,2025-01-15T14:23:45Z,train,D:\H2S DOSIMETER AI\data\h2s_calibration_dataset\images\IMG_20250115_C2_STRIP_C2_003_DA01.jpg,Optimal lighting and positioning
IMG_20250115_C2_STRIP_C2_003_DA02,STRIP_C2_003,BATCH_2024_Q4_LOT_03,C2,2,Medium,33.79,"[10.0, 50.0]",Samsung Galaxy S23,4000x3000,daylight,auto,33,800,10,0,REF_20250115_0142,calibrated_H2S_gas_standard,technician_john,industrial_facility_A,v2.0,2025-01-15T14:23:45Z,train,D:\H2S DOSIMETER AI\data\h2s_calibration_dataset\images\IMG_20250115_C2_STRIP_C2_003_DA02.jpg,Optimal lighting and positioning
IMG_20250115_C2_STRIP_C2_003_LO01,STRIP_C2_003,BATCH_2024_Q4_LOT_03,C2,2,Medium,33.79,"[10.0, 50.0]",Samsung Galaxy S23,4000x3000,low_light_led,auto,33,800,10,0,REF_20250115_0143,calibrated_H2S_gas_standard,technician_john,industrial_facility_A,v2.0,2025-01-15T14:23:45Z,train,D:\H2S DOSIMETER AI\data\h2s_calibration_dataset\images\IMG_20250115_C2_STRIP_C2_003_LO01.jpg,Optimal lighting and positioning
IMG_20250115_C2_STRIP_C2_003_LO02,STRIP_C2_003,BATCH_2024_Q4_LOT_03,C2,2,Medium,33.79,"[10.0, 50.0]",Samsung Galaxy S23,4000x3000,low_light_led,auto,33,800,10,0,REF_20250115_0144,calibrated_H2S_gas_standard,technician_john,industrial_facility_A,v2.0,2025-01-15T14:23:45Z,train,D:\H2S DOSIMETER AI\data\h2s_calibration_dataset\images\IMG_20250115_C2_STRIP_C2_003_LO02.jpg,Optimal lighting and positioning
IMG_20250115_C2_STRIP_C2_010_FL01,STRIP_C2_010,BATCH_2024_Q4_LOT_03,C2,2,Medium,45.07,"[10.0, 50.0]",Samsung Galaxy S23,4000x3000,fluorescent,auto,33,800,10,0,REF_20250115_0145,calibrated_H2S_gas_standard,technician_john,industrial_facility_A,v2.0,2025-01-15T14:23:45Z,train,D:\H2S DOSIMETER AI\data\h2s_calibration_dataset\images\IMG_20250115_C2_STRIP_C2_010_FL01.jpg,Optimal lighting and positioning
IMG_20250115_C2_STRIP_C2_010_FL02,STRIP_C2_010,BATCH_2024_Q4_LOT_03,C2,2,Medium,45.07,"[10.0, 50.0]",Samsung Galaxy S23,4000x3000,fluorescent,auto,33,800,10,0,REF_20250115_0146,calibrated_H2S_gas_standard,technician_john,industrial_facility_A,v2.0,2025-01-15T14:23:45Z,train,D:\H2S DOSIMETER AI\data\h2s_calibration_dataset\images\IMG_20250115_C2_STRIP_C2_010_FL02.jpg,Optimal lighting and positioning
IMG_20250115_C2_STRIP_C2_010_DA01,STRIP_C2_010,BATCH_2024_Q4_LOT_03,C2,2,Medium,45.07,"[10.0, 50.0]",Samsung Galaxy S23,4000x3000,daylight,auto,33,800,10,0,REF_20250115_0147,calibrated_H2S_gas_standard,technician_john,industrial_facility_A,v2.0,2025-01-15T14:23:45Z,train,D:\H2S DOSIMETER AI\data\h2s_calibration_dataset\images\IMG_20250115_C2_STRIP_C2_010_DA01.jpg,Optimal lighting and positioning
IMG_20250115_C2_STRIP_C2_010_DA02,STRIP_C2_010,BATCH_2024_Q4_LOT_03,C2,2,Medium,45.07,"[10.0, 50.0]",Samsung Galaxy S23,4000x3000,daylight,auto,33,800,10,0,REF_20250115_0148,calibrated_H2S_gas_standard,technician_john,industrial_facility_A,v2.0,2025-01-15T14:23:45Z,train,D:\H2S DOSIMETER AI\data\h2s_calibration_dataset\images\IMG_20250115_C2_STRIP_C2_010_DA02.jpg,Optimal lighting and positioning
IMG_20250115_C2_STRIP_C2_010_LO01,STRIP_C2_010,BATCH_2024_Q4_LOT_03,C2,2,Medium,45.07,"[10.0, 50.0]",Samsung Galaxy S23,4000x3000,low_light_led,auto,33,800,10,0,REF_20250115_0149,calibrated_H2S_gas_standard,technician_john,industrial_facility_A,v2.0,2025-01-15T14:23:45Z,train,D:\H2S DOSIMETER AI\data\h2s_calibration_dataset\images\IMG_20250115_C2_STRIP_C2_010_LO01.jpg,Optimal lighting and positioning
IMG_20250115_C2_STRIP_C2_010_LO02,STRIP_C2_010,BATCH_2024_Q4_LOT_03,C2,2,Medium,45.07,"[10.0, 50.0]",Samsung Galaxy S23,4000x3000,low_light_led,auto,33,800,10,0,REF_20250115_0150,calibrated_H2S_gas_standard,technician_john,industrial_facility_A,v2.0,2025-01-15T14:23:45Z,train,D:\H2S DOSIMETER AI\data\h2s_calibration_dataset\images\IMG_20250115_C2_STRIP_C2_010_LO02.jpg,Optimal lighting and positioning
IMG_20250115_C2_STRIP_C2_004_FL01,STRIP_C2_004,BATCH_2024_Q4_LOT_03,C2,2,Medium,34.37,"[10.0, 50.0]",Samsung Galaxy S23,4000x3000,fluorescent,auto,33,800,10,0,REF_20250115_0151,calibrated_H2S_gas_standard,technician_john,industrial_facility_A,v2.0,2025-01-15T14:23:45Z,train,D:\H2S DOSIMETER AI\data\h2s_calibration_dataset\images\IMG_20250115_C2_STRIP_C2_004_FL01.jpg,Optimal lighting and positioning
IMG_20250115_C2_STRIP_C2_004_FL02,STRIP_C2_004,BATCH_2024_Q4_LOT_03,C2,2,Medium,34.37,"[10.0, 50.0]",Samsung Galaxy S23,4000x3000,fluorescent,auto,33,800,10,0,REF_20250115_0152,calibrated_H2S_gas_standard,technician_john,industrial_facility_A,v2.0,2025-01-15T14:23:45Z,train,D:\H2S DOSIMETER AI\data\h2s_calibration_dataset\images\IMG_20250115_C2_STRIP_C2_004_FL02.jpg,Optimal lighting and positioning
IMG_20250115_C2_STRIP_C2_004_DA01,STRIP_C2_004,BATCH_2024_Q4_LOT_03,C2,2,Medium,34.37,"[10.0, 50.0]",Samsung Galaxy S23,4000x3000,daylight,auto,33,800,10,0,REF_20250115_0153,calibrated_H2S_gas_standard,technician_john,industrial_facility_A,v2.0,2025-01-15T14:23:45Z,train,D:\H2S DOSIMETER AI\data\h2s_calibration_dataset\images\IMG_20250115_C2_STRIP_C2_004_DA01.jpg,Optimal lighting and positioning
IMG_20250115_C2_STRIP_C2_004_DA02,STRIP_C2_004,BATCH_2024_Q4_LOT_03,C2,2,Medium,34.37,"[10.0, 50.0]",Samsung Galaxy S23,4000x3000,daylight,auto,33,800,10,0,REF_20250115_0154,calibrated_H2S_gas_standard,technician_john,industrial_facility_A,v2.0,2025-01-15T14:23:45Z,train,D:\H2S DOSIMETER AI\data\h2s_calibration_dataset\images\IMG_20250115_C2_STRIP_C2_004_DA02.jpg,Optimal lighting and positioning
IMG_20250115_C2_STRIP_C2_004_LO01,STRIP_C2_004,BATCH_2024_Q4_LOT_03,C2,2,Medium,34.37,"[10.0, 50.0]",Samsung Galaxy S23,4000x3000,low_light_led,auto,33,800,10,0,REF_20250115_0155,calibrated_H2S_gas_standard,technician_john,industrial_facility_A,v2.0,2025-01-15T14:23:45Z,train,D:\H2S DOSIMETER AI\data\h2s_calibration_dataset\images\IMG_20250115_C2_STRIP_C2_004_LO01.jpg,Optimal lighting and positioning
IMG_20250115_C2_STRIP_C2_004_LO02,STRIP_C2_004,BATCH_2024_Q4_LOT_03,C2,2,Medium,34.37,"[10.0, 50.0]",Samsung Galaxy S23,4000x3000,low_light_led,auto,33,800,10,0,REF_20250115_0156,calibrated_H2S_gas_standard,technician_john,industrial_facility_A,v2.0,2025-01-15T14:23:45Z,train,D:\H2S DOSIMETER AI\data\h2s_calibration_dataset\images\IMG_20250115_C2_STRIP_C2_004_LO02.jpg,Optimal lighting and positioning
IMG_20250115_C2_STRIP_C2_008_FL01,STRIP_C2_008,BATCH_2024_Q4_LOT_03,C2,2,Medium,28.42,"[10.0, 50.0]",Samsung Galaxy S23,4000x3000,fluorescent,auto,33,800,10,0,REF_20250115_0157,calibrated_H2S_gas_standard,technician_john,industrial_facility_A,v2.0,2025-01-15T14:23:45Z,train,D:\H2S DOSIMETER AI\data\h2s_calibration_dataset\images\IMG_20250115_C2_STRIP_C2_008_FL01.jpg,Optimal lighting and positioning
IMG_20250115_C2_STRIP_C2_008_FL02,STRIP_C2_008,BATCH_2024_Q4_LOT_03,C2,2,Medium,28.42,"[10.0, 50.0]",Samsung Galaxy S23,4000x3000,fluorescent,auto,33,800,10,0,REF_20250115_0158,calibrated_H2S_gas_standard,technician_john,industrial_facility_A,v2.0,2025-01-15T14:23:45Z,train,D:\H2S DOSIMETER AI\data\h2s_calibration_dataset\images\IMG_20250115_C2_STRIP_C2_008_FL02.jpg,Optimal lighting and positioning
IMG_20250115_C2_STRIP_C2_008_DA01,STRIP_C2_008,BATCH_2024_Q4_LOT_03,C2,2,Medium,28.42,"[10.0, 50.0]",Samsung Galaxy S23,4000x3000,daylight,auto,33,800,10,0,REF_20250115_0159,calibrated_H2S_gas_standard,technician_john,industrial_facility_A,v2.0,2025-01-15T14:23:45Z,train,D:\H2S DOSIMETER AI\data\h2s_calibration_dataset\images\IMG_20250115_C2_STRIP_C2_008_DA01.jpg,Optimal lighting and positioning
IMG_20250115_C2_STRIP_C2_008_DA02,STRIP_C2_008,BATCH_2024_Q4_LOT_03,C2,2,Medium,28.42,"[10.0, 50.0]",Samsung Galaxy S23,4000x3000,daylight,auto,33,800,10,0,REF_20250115_0160,calibrated_H2S_gas_standard,technician_john,industrial_facility_A,v2.0,2025-01-15T14:23:45Z,train,D:\H2S DOSIMETER AI\data\h2s_calibration_dataset\images\IMG_20250115_C2_STRIP_C2_008_DA02.jpg,Optimal lighting and positioning
IMG_20250115_C2_STRIP_C2_008_LO01,STRIP_C2_008,BATCH_2024_Q4_LOT_03,C2,2,Medium,28.42,"[10.0, 50.0]",Samsung Galaxy S23,4000x3000,low_light_led,auto,33,800,10,0,REF_20250115_0161,calibrated_H2S_gas_standard,technician_john,industrial_facility_A,v2.0,2025-01-15T14:23:45Z,train,D:\H2S DOSIMETER AI\data\h2s_calibration_dataset\images\IMG_20250115_C2_STRIP_C2_008_LO01.jpg,Optimal lighting and positioning
IMG_20250115_C2_STRIP_C2_008_LO02,STRIP_C2_008,BATCH_2024_Q4_LOT_03,C2,2,Medium,28.42,"[10.0, 50.0]",Samsung Galaxy S23,4000x3000,low_light_led,auto,33,800,10,0,REF_20250115_0162,calibrated_H2S_gas_standard,technician_john,industrial_facility_A,v2.0,2025-01-15T14:23:45Z,train,D:\H2S DOSIMETER AI\data\h2s_calibration_dataset\images\IMG_20250115_C2_STRIP_C2_008_LO02.jpg,Optimal lighting and positioning
IMG_20250115_C2_STRIP_C2_002_FL01,STRIP_C2_002,BATCH_2024_Q4_LOT_03,C2,2,Medium,26.24,"[10.0, 50.0]",Samsung Galaxy S23,4000x3000,fluorescent,auto,33,800,10,0,REF_20250115_0163,calibrated_H2S_gas_standard,technician_john,industrial_facility_A,v2.0,2025-01-15T14:23:45Z,val,D:\H2S DOSIMETER AI\data\h2s_calibration_dataset\images\IMG_20250115_C2_STRIP_C2_002_FL01.jpg,Optimal lighting and positioning
IMG_20250115_C2_STRIP_C2_002_FL02,STRIP_C2_002,BATCH_2024_Q4_LOT_03,C2,2,Medium,26.24,"[10.0, 50.0]",Samsung Galaxy S23,4000x3000,fluorescent,auto,33,800,10,0,REF_20250115_0164,calibrated_H2S_gas_standard,technician_john,industrial_facility_A,v2.0,2025-01-15T14:23:45Z,val,D:\H2S DOSIMETER AI\data\h2s_calibration_dataset\images\IMG_20250115_C2_STRIP_C2_002_FL02.jpg,Optimal lighting and positioning
IMG_20250115_C2_STRIP_C2_002_DA01,STRIP_C2_002,BATCH_2024_Q4_LOT_03,C2,2,Medium,26.24,"[10.0, 50.0]",Samsung Galaxy S23,4000x3000,daylight,auto,33,800,10,0,REF_20250115_0165,calibrated_H2S_gas_standard,technician_john,industrial_facility_A,v2.0,2025-01-15T14:23:45Z,val,D:\H2S DOSIMETER AI\data\h2s_calibration_dataset\images\IMG_20250115_C2_STRIP_C2_002_DA01.jpg,Optimal lighting and positioning
IMG_20250115_C2_STRIP_C2_002_DA02,STRIP_C2_002,BATCH_2024_Q4_LOT_03,C2,2,Medium,26.24,"[10.0, 50.0]",Samsung Galaxy S23,4000x3000,daylight,auto,33,800,10,0,REF_20250115_0166,calibrated_H2S_gas_standard,technician_john,industrial_facility_A,v2.0,2025-01-15T14:23:45Z,val,D:\H2S DOSIMETER AI\data\h2s_calibration_dataset\images\IMG_20250115_C2_STRIP_C2_002_DA02.jpg,Optimal lighting and positioning
IMG_20250115_C2_STRIP_C2_002_LO01,STRIP_C2_002,BATCH_2024_Q4_LOT_03,C2,2,Medium,26.24,"[10.0, 50.0]",Samsung Galaxy S23,4000x3000,low_light_led,auto,33,800,10,0,REF_20250115_0167,calibrated_H2S_gas_standard,technician_john,industrial_facility_A,v2.0,2025-01-15T14:23:45Z,val,D:\H2S DOSIMETER AI\data\h2s_calibration_dataset\images\IMG_20250115_C2_STRIP_C2_002_LO01.jpg,Optimal lighting and positioning
IMG_20250115_C2_STRIP_C2_002_LO02,STRIP_C2_002,BATCH_2024_Q4_LOT_03,C2,2,Medium,26.24,"[10.0, 50.0]",Samsung Galaxy S23,4000x3000,low_light_led,auto,33,800,10,0,REF_20250115_0168,calibrated_H2S_gas_standard,technician_john,industrial_facility_A,v2.0,2025-01-15T14:23:45Z,val,D:\H2S DOSIMETER AI\data\h2s_calibration_dataset\images\IMG_20250115_C2_STRIP_C2_002_LO02.jpg,Optimal lighting and positioning
IMG_20250115_C2_STRIP_C2_009_FL01,STRIP_C2_009,BATCH_2024_Q4_LOT_03,C2,2,Medium,25.35,"[10.0, 50.0]",Samsung Galaxy S23,4000x3000,fluorescent,auto,33,800,10,0,REF_20250115_0169,calibrated_H2S_gas_standard,technician_john,industrial_facility_A,v2.0,2025-01-15T14:23:45Z,val,D:\H2S DOSIMETER AI\data\h2s_calibration_dataset\images\IMG_20250115_C2_STRIP_C2_009_FL01.jpg,Optimal lighting and positioning
IMG_20250115_C2_STRIP_C2_009_FL02,STRIP_C2_009,BATCH_2024_Q4_LOT_03,C2,2,Medium,25.35,"[10.0, 50.0]",Samsung Galaxy S23,4000x3000,fluorescent,auto,33,800,10,0,REF_20250115_0170,calibrated_H2S_gas_standard,technician_john,industrial_facility_A,v2.0,2025-01-15T14:23:45Z,val,D:\H2S DOSIMETER AI\data\h2s_calibration_dataset\images\IMG_20250115_C2_STRIP_C2_009_FL02.jpg,Optimal lighting and positioning
IMG_20250115_C2_STRIP_C2_009_DA01,STRIP_C2_009,BATCH_2024_Q4_LOT_03,C2,2,Medium,25.35,"[10.0, 50.0]",Samsung Galaxy S23,4000x3000,daylight,auto,33,800,10,0,REF_20250115_0171,calibrated_H2S_gas_standard,technician_john,industrial_facility_A,v2.0,2025-01-15T14:23:45Z,val,D:\H2S DOSIMETER AI\data\h2s_calibration_dataset\images\IMG_20250115_C2_STRIP_C2_009_DA01.jpg,Optimal lighting and positioning
IMG_20250115_C2_STRIP_C2_009_DA02,STRIP_C2_009,BATCH_2024_Q4_LOT_03,C2,2,Medium,25.35,"[10.0, 50.0]",Samsung Galaxy S23,4000x3000,daylight,auto,33,800,10,0,REF_20250115_0172,calibrated_H2S_gas_standard,technician_john,industrial_facility_A,v2.0,2025-01-15T14:23:45Z,val,D:\H2S DOSIMETER AI\data\h2s_calibration_dataset\images\IMG_20250115_C2_STRIP_C2_009_DA02.jpg,Optimal lighting and positioning
IMG_20250115_C2_STRIP_C2_009_LO01,STRIP_C2_009,BATCH_2024_Q4_LOT_03,C2,2,Medium,25.35,"[10.0, 50.0]",Samsung Galaxy S23,4000x3000,low_light_led,auto,33,800,10,0,REF_20250115_0173,calibrated_H2S_gas_standard,technician_john,industrial_facility_A,v2.0,2025-01-15T14:23:45Z,val,D:\H2S DOSIMETER AI\data\h2s_calibration_dataset\images\IMG_20250115_C2_STRIP_C2_009_LO01.jpg,Optimal lighting and positioning
IMG_20250115_C2_STRIP_C2_009_LO02,STRIP_C2_009,BATCH_2024_Q4_LOT_03,C2,2,Medium,25.35,"[10.0, 50.0]",Samsung Galaxy S23,4000x3000,low_light_led,auto,33,800,10,0,REF_20250115_0174,calibrated_H2S_gas_standard,technician_john,industrial_facility_A,v2.0,2025-01-15T14:23:45Z,val,D:\H2S DOSIMETER AI\data\h2s_calibration_dataset\images\IMG_20250115_C2_STRIP_C2_009_LO02.jpg,Optimal lighting and positioning
IMG_20250115_C2_STRIP_C2_007_FL01,STRIP_C2_007,BATCH_2024_Q4_LOT_03,C2,2,Medium,24.27,"[10.0, 50.0]",Samsung Galaxy S23,4000x3000,fluorescent,auto,33,800,10,0,REF_20250115_0175,calibrated_H2S_gas_standard,technician_john,industrial_facility_A,v2.0,2025-01-15T14:23:45Z,test,D:\H2S DOSIMETER AI\data\h2s_calibration_dataset\images\IMG_20250115_C2_STRIP_C2_007_FL01.jpg,Optimal lighting and positioning
IMG_20250115_C2_STRIP_C2_007_FL02,STRIP_C2_007,BATCH_2024_Q4_LOT_03,C2,2,Medium,24.27,"[10.0, 50.0]",Samsung Galaxy S23,4000x3000,fluorescent,auto,33,800,10,0,REF_20250115_0176,calibrated_H2S_gas_standard,technician_john,industrial_facility_A,v2.0,2025-01-15T14:23:45Z,test,D:\H2S DOSIMETER AI\data\h2s_calibration_dataset\images\IMG_20250115_C2_STRIP_C2_007_FL02.jpg,Optimal lighting and positioning
IMG_20250115_C2_STRIP_C2_007_DA01,STRIP_C2_007,BATCH_2024_Q4_LOT_03,C2,2,Medium,24.27,"[10.0, 50.0]",Samsung Galaxy S23,4000x3000,daylight,auto,33,800,10,0,REF_20250115_0177,calibrated_H2S_gas_standard,technician_john,industrial_facility_A,v2.0,2025-01-15T14:23:45Z,test,D:\H2S DOSIMETER AI\data\h2s_calibration_dataset\images\IMG_20250115_C2_STRIP_C2_007_DA01.jpg,Optimal lighting and positioning
IMG_20250115_C2_STRIP_C2_007_DA02,STRIP_C2_007,BATCH_2024_Q4_LOT_03,C2,2,Medium,24.27,"[10.0, 50.0]",Samsung Galaxy S23,4000x3000,daylight,auto,33,800,10,0,REF_20250115_0178,calibrated_H2S_gas_standard,technician_john,industrial_facility_A,v2.0,2025-01-15T14:23:45Z,test,D:\H2S DOSIMETER AI\data\h2s_calibration_dataset\images\IMG_20250115_C2_STRIP_C2_007_DA02.jpg,Optimal lighting and positioning
IMG_20250115_C2_STRIP_C2_007_LO01,STRIP_C2_007,BATCH_2024_Q4_LOT_03,C2,2,Medium,24.27,"[10.0, 50.0]",Samsung Galaxy S23,4000x3000,low_light_led,auto,33,800,10,0,REF_20250115_0179,calibrated_H2S_gas_standard,technician_john,industrial_facility_A,v2.0,2025-01-15T14:23:45Z,test,D:\H2S DOSIMETER AI\data\h2s_calibration_dataset\images\IMG_20250115_C2_STRIP_C2_007_LO01.jpg,Optimal lighting and positioning
IMG_20250115_C2_STRIP_C2_007_LO02,STRIP_C2_007,BATCH_2024_Q4_LOT_03,C2,2,Medium,24.27,"[10.0, 50.0]",Samsung Galaxy S23,4000x3000,low_light_led,auto,33,800,10,0,REF_20250115_0180,calibrated_H2S_gas_standard,technician_john,industrial_facility_A,v2.0,2025-01-15T14:23:45Z,test,D:\H2S DOSIMETER AI\data\h2s_calibration_dataset\images\IMG_20250115_C2_STRIP_C2_007_LO02.jpg,Optimal lighting and positioning
IMG_20250115_C3_STRIP_C3_002_FL01,STRIP_C3_002,BATCH_2024_Q4_LOT_03,C3,3,High,88.81,"[50.0, 100.0]",Samsung Galaxy S23,4000x3000,fluorescent,auto,33,800,10,0,REF_20250115_0181,calibrated_H2S_gas_standard,technician_john,industrial_facility_A,v2.0,2025-01-15T14:23:45Z,train,D:\H2S DOSIMETER AI\data\h2s_calibration_dataset\images\IMG_20250115_C3_STRIP_C3_002_FL01.jpg,Optimal lighting and positioning
IMG_20250115_C3_STRIP_C3_002_FL02,STRIP_C3_002,BATCH_2024_Q4_LOT_03,C3,3,High,88.81,"[50.0, 100.0]",Samsung Galaxy S23,4000x3000,fluorescent,auto,33,800,10,0,REF_20250115_0182,calibrated_H2S_gas_standard,technician_john,industrial_facility_A,v2.0,2025-01-15T14:23:45Z,train,D:\H2S DOSIMETER AI\data\h2s_calibration_dataset\images\IMG_20250115_C3_STRIP_C3_002_FL02.jpg,Optimal lighting and positioning
IMG_20250115_C3_STRIP_C3_002_DA01,STRIP_C3_002,BATCH_2024_Q4_LOT_03,C3,3,High,88.81,"[50.0, 100.0]",Samsung Galaxy S23,4000x3000,daylight,auto,33,800,10,0,REF_20250115_0183,calibrated_H2S_gas_standard,technician_john,industrial_facility_A,v2.0,2025-01-15T14:23:45Z,train,D:\H2S DOSIMETER AI\data\h2s_calibration_dataset\images\IMG_20250115_C3_STRIP_C3_002_DA01.jpg,Optimal lighting and positioning
IMG_20250115_C3_STRIP_C3_002_DA02,STRIP_C3_002,BATCH_2024_Q4_LOT_03,C3,3,High,88.81,"[50.0, 100.0]",Samsung Galaxy S23,4000x3000,daylight,auto,33,800,10,0,REF_20250115_0184,calibrated_H2S_gas_standard,technician_john,industrial_facility_A,v2.0,2025-01-15T14:23:45Z,train,D:\H2S DOSIMETER AI\data\h2s_calibration_dataset\images\IMG_20250115_C3_STRIP_C3_002_DA02.jpg,Optimal lighting and positioning
IMG_20250115_C3_STRIP_C3_002_LO01,STRIP_C3_002,BATCH_2024_Q4_LOT_03,C3,3,High,88.81,"[50.0, 100.0]",Samsung Galaxy S23,4000x3000,low_light_led,auto,33,800,10,0,REF_20250115_0185,calibrated_H2S_gas_standard,technician_john,industrial_facility_A,v2.0,2025-01-15T14:23:45Z,train,D:\H2S DOSIMETER AI\data\h2s_calibration_dataset\images\IMG_20250115_C3_STRIP_C3_002_LO01.jpg,Optimal lighting and positioning
IMG_20250115_C3_STRIP_C3_002_LO02,STRIP_C3_002,BATCH_2024_Q4_LOT_03,C3,3,High,88.81,"[50.0, 100.0]",Samsung Galaxy S23,4000x3000,low_light_led,auto,33,800,10,0,REF_20250115_0186,calibrated_H2S_gas_standard,technician_john,industrial_facility_A,v2.0,2025-01-15T14:23:45Z,train,D:\H2S DOSIMETER AI\data\h2s_calibration_dataset\images\IMG_20250115_C3_STRIP_C3_002_LO02.jpg,Optimal lighting and positioning
IMG_20250115_C3_STRIP_C3_004_FL01,STRIP_C3_004,BATCH_2024_Q4_LOT_03,C3,3,High,91.45,"[50.0, 100.0]",Samsung Galaxy S23,4000x3000,fluorescent,auto,33,800,10,0,REF_20250115_0187,calibrated_H2S_gas_standard,technician_john,industrial_facility_A,v2.0,2025-01-15T14:23:45Z,train,D:\H2S DOSIMETER AI\data\h2s_calibration_dataset\images\IMG_20250115_C3_STRIP_C3_004_FL01.jpg,Optimal lighting and positioning
IMG_20250115_C3_STRIP_C3_004_FL02,STRIP_C3_004,BATCH_2024_Q4_LOT_03,C3,3,High,91.45,"[50.0, 100.0]",Samsung Galaxy S23,4000x3000,fluorescent,auto,33,800,10,0,REF_20250115_0188,calibrated_H2S_gas_standard,technician_john,industrial_facility_A,v2.0,2025-01-15T14:23:45Z,train,D:\H2S DOSIMETER AI\data\h2s_calibration_dataset\images\IMG_20250115_C3_STRIP_C3_004_FL02.jpg,Optimal lighting and positioning
IMG_20250115_C3_STRIP_C3_004_DA01,STRIP_C3_004,BATCH_2024_Q4_LOT_03,C3,3,High,91.45,"[50.0, 100.0]",Samsung Galaxy S23,4000x3000,daylight,auto,33,800,10,0,REF_20250115_0189,calibrated_H2S_gas_standard,technician_john,industrial_facility_A,v2.0,2025-01-15T14:23:45Z,train,D:\H2S DOSIMETER AI\data\h2s_calibration_dataset\images\IMG_20250115_C3_STRIP_C3_004_DA01.jpg,Optimal lighting and positioning
IMG_20250115_C3_STRIP_C3_004_DA02,STRIP_C3_004,BATCH_2024_Q4_LOT_03,C3,3,High,91.45,"[50.0, 100.0]",Samsung Galaxy S23,4000x3000,daylight,auto,33,800,10,0,REF_20250115_0190,calibrated_H2S_gas_standard,technician_john,industrial_facility_A,v2.0,2025-01-15T14:23:45Z,train,D:\H2S DOSIMETER AI\data\h2s_calibration_dataset\images\IMG_20250115_C3_STRIP_C3_004_DA02.jpg,Optimal lighting and positioning
IMG_20250115_C3_STRIP_C3_004_LO01,STRIP_C3_004,BATCH_2024_Q4_LOT_03,C3,3,High,91.45,"[50.0, 100.0]",Samsung Galaxy S23,4000x3000,low_light_led,auto,33,800,10,0,REF_20250115_0191,calibrated_H2S_gas_standard,technician_john,industrial_facility_A,v2.0,2025-01-15T14:23:45Z,train,D:\H2S DOSIMETER AI\data\h2s_calibration_dataset\images\IMG_20250115_C3_STRIP_C3_004_LO01.jpg,Optimal lighting and positioning
IMG_20250115_C3_STRIP_C3_004_LO02,STRIP_C3_004,BATCH_2024_Q4_LOT_03,C3,3,High,91.45,"[50.0, 100.0]",Samsung Galaxy S23,4000x3000,low_light_led,auto,33,800,10,0,REF_20250115_0192,calibrated_H2S_gas_standard,technician_john,industrial_facility_A,v2.0,2025-01-15T14:23:45Z,train,D:\H2S DOSIMETER AI\data\h2s_calibration_dataset\images\IMG_20250115_C3_STRIP_C3_004_LO02.jpg,Optimal lighting and positioning
IMG_20250115_C3_STRIP_C3_006_FL01,STRIP_C3_006,BATCH_2024_Q4_LOT_03,C3,3,High,79.16,"[50.0, 100.0]",Samsung Galaxy S23,4000x3000,fluorescent,auto,33,800,10,0,REF_20250115_0193,calibrated_H2S_gas_standard,technician_john,industrial_facility_A,v2.0,2025-01-15T14:23:45Z,train,D:\H2S DOSIMETER AI\data\h2s_calibration_dataset\images\IMG_20250115_C3_STRIP_C3_006_FL01.jpg,Optimal lighting and positioning
IMG_20250115_C3_STRIP_C3_006_FL02,STRIP_C3_006,BATCH_2024_Q4_LOT_03,C3,3,High,79.16,"[50.0, 100.0]",Samsung Galaxy S23,4000x3000,fluorescent,auto,33,800,10,0,REF_20250115_0194,calibrated_H2S_gas_standard,technician_john,industrial_facility_A,v2.0,2025-01-15T14:23:45Z,train,D:\H2S DOSIMETER AI\data\h2s_calibration_dataset\images\IMG_20250115_C3_STRIP_C3_006_FL02.jpg,Optimal lighting and positioning
IMG_20250115_C3_STRIP_C3_006_DA01,STRIP_C3_006,BATCH_2024_Q4_LOT_03,C3,3,High,79.16,"[50.0, 100.0]",Samsung Galaxy S23,4000x3000,daylight,auto,33,800,10,0,REF_20250115_0195,calibrated_H2S_gas_standard,technician_john,industrial_facility_A,v2.0,2025-01-15T14:23:45Z,train,D:\H2S DOSIMETER AI\data\h2s_calibration_dataset\images\IMG_20250115_C3_STRIP_C3_006_DA01.jpg,Optimal lighting and positioning
IMG_20250115_C3_STRIP_C3_006_DA02,STRIP_C3_006,BATCH_2024_Q4_LOT_03,C3,3,High,79.16,"[50.0, 100.0]",Samsung Galaxy S23,4000x3000,daylight,auto,33,800,10,0,REF_20250115_0196,calibrated_H2S_gas_standard,technician_john,industrial_facility_A,v2.0,2025-01-15T14:23:45Z,train,D:\H2S DOSIMETER AI\data\h2s_calibration_dataset\images\IMG_20250115_C3_STRIP_C3_006_DA02.jpg,Optimal lighting and positioning
IMG_20250115_C3_STRIP_C3_006_LO01,STRIP_C3_006,BATCH_2024_Q4_LOT_03,C3,3,High,79.16,"[50.0, 100.0]",Samsung Galaxy S23,4000x3000,low_light_led,auto,33,800,10,0,REF_20250115_0197,calibrated_H2S_gas_standard,technician_john,industrial_facility_A,v2.0,2025-01-15T14:23:45Z,train,D:\H2S DOSIMETER AI\data\h2s_calibration_dataset\images\IMG_20250115_C3_STRIP_C3_006_LO01.jpg,Optimal lighting and positioning
IMG_20250115_C3_STRIP_C3_006_LO02,STRIP_C3_006,BATCH_2024_Q4_LOT_03,C3,3,High,79.16,"[50.0, 100.0]",Samsung Galaxy S23,4000x3000,low_light_led,auto,33,800,10,0,REF_20250115_0198,calibrated_H2S_gas_standard,technician_john,industrial_facility_A,v2.0,2025-01-15T14:23:45Z,train,D:\H2S DOSIMETER AI\data\h2s_calibration_dataset\images\IMG_20250115_C3_STRIP_C3_006_LO02.jpg,Optimal lighting and positioning
IMG_20250115_C3_STRIP_C3_010_FL01,STRIP_C3_010,BATCH_2024_Q4_LOT_03,C3,3,High,99.7,"[50.0, 100.0]",Samsung Galaxy S23,4000x3000,fluorescent,auto,33,800,10,0,REF_20250115_0199,calibrated_H2S_gas_standard,technician_john,industrial_facility_A,v2.0,2025-01-15T14:23:45Z,train,D:\H2S DOSIMETER AI\data\h2s_calibration_dataset\images\IMG_20250115_C3_STRIP_C3_010_FL01.jpg,Optimal lighting and positioning
IMG_20250115_C3_STRIP_C3_010_FL02,STRIP_C3_010,BATCH_2024_Q4_LOT_03,C3,3,High,99.7,"[50.0, 100.0]",Samsung Galaxy S23,4000x3000,fluorescent,auto,33,800,10,0,REF_20250115_0200,calibrated_H2S_gas_standard,technician_john,industrial_facility_A,v2.0,2025-01-15T14:23:45Z,train,D:\H2S DOSIMETER AI\data\h2s_calibration_dataset\images\IMG_20250115_C3_STRIP_C3_010_FL02.jpg,Optimal lighting and positioning
IMG_20250115_C3_STRIP_C3_010_DA01,STRIP_C3_010,BATCH_2024_Q4_LOT_03,C3,3,High,99.7,"[50.0, 100.0]",Samsung Galaxy S23,4000x3000,daylight,auto,33,800,10,0,REF_20250115_0201,calibrated_H2S_gas_standard,technician_john,industrial_facility_A,v2.0,2025-01-15T14:23:45Z,train,D:\H2S DOSIMETER AI\data\h2s_calibration_dataset\images\IMG_20250115_C3_STRIP_C3_010_DA01.jpg,Optimal lighting and positioning
IMG_20250115_C3_STRIP_C3_010_DA02,STRIP_C3_010,BATCH_2024_Q4_LOT_03,C3,3,High,99.7,"[50.0, 100.0]",Samsung Galaxy S23,4000x3000,daylight,auto,33,800,10,0,REF_20250115_0202,calibrated_H2S_gas_standard,technician_john,industrial_facility_A,v2.0,2025-01-15T14:23:45Z,train,D:\H2S DOSIMETER AI\data\h2s_calibration_dataset\images\IMG_20250115_C3_STRIP_C3_010_DA02.jpg,Optimal lighting and positioning
IMG_20250115_C3_STRIP_C3_010_LO01,STRIP_C3_010,BATCH_2024_Q4_LOT_03,C3,3,High,99.7,"[50.0, 100.0]",Samsung Galaxy S23,4000x3000,low_light_led,auto,33,800,10,0,REF_20250115_0203,calibrated_H2S_gas_standard,technician_john,industrial_facility_A,v2.0,2025-01-15T14:23:45Z,train,D:\H2S DOSIMETER AI\data\h2s_calibration_dataset\images\IMG_20250115_C3_STRIP_C3_010_LO01.jpg,Optimal lighting and positioning
IMG_20250115_C3_STRIP_C3_010_LO02,STRIP_C3_010,BATCH_2024_Q4_LOT_03,C3,3,High,99.7,"[50.0, 100.0]",Samsung Galaxy S23,4000x3000,low_light_led,auto,33,800,10,0,REF_20250115_0204,calibrated_H2S_gas_standard,technician_john,industrial_facility_A,v2.0,2025-01-15T14:23:45Z,train,D:\H2S DOSIMETER AI\data\h2s_calibration_dataset\images\IMG_20250115_C3_STRIP_C3_010_LO02.jpg,Optimal lighting and positioning
IMG_20250115_C3_STRIP_C3_009_FL01,STRIP_C3_009,BATCH_2024_Q4_LOT_03,C3,3,High,85.83,"[50.0, 100.0]",Samsung Galaxy S23,4000x3000,fluorescent,auto,33,800,10,0,REF_20250115_0205,calibrated_H2S_gas_standard,technician_john,industrial_facility_A,v2.0,2025-01-15T14:23:45Z,train,D:\H2S DOSIMETER AI\data\h2s_calibration_dataset\images\IMG_20250115_C3_STRIP_C3_009_FL01.jpg,Optimal lighting and positioning
IMG_20250115_C3_STRIP_C3_009_FL02,STRIP_C3_009,BATCH_2024_Q4_LOT_03,C3,3,High,85.83,"[50.0, 100.0]",Samsung Galaxy S23,4000x3000,fluorescent,auto,33,800,10,0,REF_20250115_0206,calibrated_H2S_gas_standard,technician_john,industrial_facility_A,v2.0,2025-01-15T14:23:45Z,train,D:\H2S DOSIMETER AI\data\h2s_calibration_dataset\images\IMG_20250115_C3_STRIP_C3_009_FL02.jpg,Optimal lighting and positioning
IMG_20250115_C3_STRIP_C3_009_DA01,STRIP_C3_009,BATCH_2024_Q4_LOT_03,C3,3,High,85.83,"[50.0, 100.0]",Samsung Galaxy S23,4000x3000,daylight,auto,33,800,10,0,REF_20250115_0207,calibrated_H2S_gas_standard,technician_john,industrial_facility_A,v2.0,2025-01-15T14:23:45Z,train,D:\H2S DOSIMETER AI\data\h2s_calibration_dataset\images\IMG_20250115_C3_STRIP_C3_009_DA01.jpg,Optimal lighting and positioning
IMG_20250115_C3_STRIP_C3_009_DA02,STRIP_C3_009,BATCH_2024_Q4_LOT_03,C3,3,High,85.83,"[50.0, 100.0]",Samsung Galaxy S23,4000x3000,daylight,auto,33,800,10,0,REF_20250115_0208,calibrated_H2S_gas_standard,technician_john,industrial_facility_A,v2.0,2025-01-15T14:23:45Z,train,D:\H2S DOSIMETER AI\data\h2s_calibration_dataset\images\IMG_20250115_C3_STRIP_C3_009_DA02.jpg,Optimal lighting and positioning
IMG_20250115_C3_STRIP_C3_009_LO01,STRIP_C3_009,BATCH_2024_Q4_LOT_03,C3,3,High,85.83,"[50.0, 100.0]",Samsung Galaxy S23,4000x3000,low_light_led,auto,33,800,10,0,REF_20250115_0209,calibrated_H2S_gas_standard,technician_john,industrial_facility_A,v2.0,2025-01-15T14:23:45Z,train,D:\H2S DOSIMETER AI\data\h2s_calibration_dataset\images\IMG_20250115_C3_STRIP_C3_009_LO01.jpg,Optimal lighting and positioning
IMG_20250115_C3_STRIP_C3_009_LO02,STRIP_C3_009,BATCH_2024_Q4_LOT_03,C3,3,High,85.83,"[50.0, 100.0]",Samsung Galaxy S23,4000x3000,low_light_led,auto,33,800,10,0,REF_20250115_0210,calibrated_H2S_gas_standard,technician_john,industrial_facility_A,v2.0,2025-01-15T14:23:45Z,train,D:\H2S DOSIMETER AI\data\h2s_calibration_dataset\images\IMG_20250115_C3_STRIP_C3_009_LO02.jpg,Optimal lighting and positioning
IMG_20250115_C3_STRIP_C3_001_FL01,STRIP_C3_001,BATCH_2024_Q4_LOT_03,C3,3,High,85.26,"[50.0, 100.0]",Samsung Galaxy S23,4000x3000,fluorescent,auto,33,800,10,0,REF_20250115_0211,calibrated_H2S_gas_standard,technician_john,industrial_facility_A,v2.0,2025-01-15T14:23:45Z,train,D:\H2S DOSIMETER AI\data\h2s_calibration_dataset\images\IMG_20250115_C3_STRIP_C3_001_FL01.jpg,Optimal lighting and positioning
IMG_20250115_C3_STRIP_C3_001_FL02,STRIP_C3_001,BATCH_2024_Q4_LOT_03,C3,3,High,85.26,"[50.0, 100.0]",Samsung Galaxy S23,4000x3000,fluorescent,auto,33,800,10,0,REF_20250115_0212,calibrated_H2S_gas_standard,technician_john,industrial_facility_A,v2.0,2025-01-15T14:23:45Z,train,D:\H2S DOSIMETER AI\data\h2s_calibration_dataset\images\IMG_20250115_C3_STRIP_C3_001_FL02.jpg,Optimal lighting and positioning
IMG_20250115_C3_STRIP_C3_001_DA01,STRIP_C3_001,BATCH_2024_Q4_LOT_03,C3,3,High,85.26,"[50.0, 100.0]",Samsung Galaxy S23,4000x3000,daylight,auto,33,800,10,0,REF_20250115_0213,calibrated_H2S_gas_standard,technician_john,industrial_facility_A,v2.0,2025-01-15T14:23:45Z,train,D:\H2S DOSIMETER AI\data\h2s_calibration_dataset\images\IMG_20250115_C3_STRIP_C3_001_DA01.jpg,Optimal lighting and positioning
IMG_20250115_C3_STRIP_C3_001_DA02,STRIP_C3_001,BATCH_2024_Q4_LOT_03,C3,3,High,85.26,"[50.0, 100.0]",Samsung Galaxy S23,4000x3000,daylight,auto,33,800,10,0,REF_20250115_0214,calibrated_H2S_gas_standard,technician_john,industrial_facility_A,v2.0,2025-01-15T14:23:45Z,train,D:\H2S DOSIMETER AI\data\h2s_calibration_dataset\images\IMG_20250115_C3_STRIP_C3_001_DA02.jpg,Optimal lighting and positioning
IMG_20250115_C3_STRIP_C3_001_LO01,STRIP_C3_001,BATCH_2024_Q4_LOT_03,C3,3,High,85.26,"[50.0, 100.0]",Samsung Galaxy S23,4000x3000,low_light_led,auto,33,800,10,0,REF_20250115_0215,calibrated_H2S_gas_standard,technician_john,industrial_facility_A,v2.0,2025-01-15T14:23:45Z,train,D:\H2S DOSIMETER AI\data\h2s_calibration_dataset\images\IMG_20250115_C3_STRIP_C3_001_LO01.jpg,Optimal lighting and positioning
IMG_20250115_C3_STRIP_C3_001_LO02,STRIP_C3_001,BATCH_2024_Q4_LOT_03,C3,3,High,85.26,"[50.0, 100.0]",Samsung Galaxy S23,4000x3000,low_light_led,auto,33,800,10,0,REF_20250115_0216,calibrated_H2S_gas_standard,technician_john,industrial_facility_A,v2.0,2025-01-15T14:23:45Z,train,D:\H2S DOSIMETER AI\data\h2s_calibration_dataset\images\IMG_20250115_C3_STRIP_C3_001_LO02.jpg,Optimal lighting and positioning
IMG_20250115_C3_STRIP_C3_003_FL01,STRIP_C3_003,BATCH_2024_Q4_LOT_03,C3,3,High,65.71,"[50.0, 100.0]",Samsung Galaxy S23,4000x3000,fluorescent,auto,33,800,10,0,REF_20250115_0217,calibrated_H2S_gas_standard,technician_john,industrial_facility_A,v2.0,2025-01-15T14:23:45Z,train,D:\H2S DOSIMETER AI\data\h2s_calibration_dataset\images\IMG_20250115_C3_STRIP_C3_003_FL01.jpg,Optimal lighting and positioning
IMG_20250115_C3_STRIP_C3_003_FL02,STRIP_C3_003,BATCH_2024_Q4_LOT_03,C3,3,High,65.71,"[50.0, 100.0]",Samsung Galaxy S23,4000x3000,fluorescent,auto,33,800,10,0,REF_20250115_0218,calibrated_H2S_gas_standard,technician_john,industrial_facility_A,v2.0,2025-01-15T14:23:45Z,train,D:\H2S DOSIMETER AI\data\h2s_calibration_dataset\images\IMG_20250115_C3_STRIP_C3_003_FL02.jpg,Optimal lighting and positioning
IMG_20250115_C3_STRIP_C3_003_DA01,STRIP_C3_003,BATCH_2024_Q4_LOT_03,C3,3,High,65.71,"[50.0, 100.0]",Samsung Galaxy S23,4000x3000,daylight,auto,33,800,10,0,REF_20250115_0219,calibrated_H2S_gas_standard,technician_john,industrial_facility_A,v2.0,2025-01-15T14:23:45Z,train,D:\H2S DOSIMETER AI\data\h2s_calibration_dataset\images\IMG_20250115_C3_STRIP_C3_003_DA01.jpg,Optimal lighting and positioning
IMG_20250115_C3_STRIP_C3_003_DA02,STRIP_C3_003,BATCH_2024_Q4_LOT_03,C3,3,High,65.71,"[50.0, 100.0]",Samsung Galaxy S23,4000x3000,daylight,auto,33,800,10,0,REF_20250115_0220,calibrated_H2S_gas_standard,technician_john,industrial_facility_A,v2.0,2025-01-15T14:23:45Z,train,D:\H2S DOSIMETER AI\data\h2s_calibration_dataset\images\IMG_20250115_C3_STRIP_C3_003_DA02.jpg,Optimal lighting and positioning
IMG_20250115_C3_STRIP_C3_003_LO01,STRIP_C3_003,BATCH_2024_Q4_LOT_03,C3,3,High,65.71,"[50.0, 100.0]",Samsung Galaxy S23,4000x3000,low_light_led,auto,33,800,10,0,REF_20250115_0221,calibrated_H2S_gas_standard,technician_john,industrial_facility_A,v2.0,2025-01-15T14:23:45Z,train,D:\H2S DOSIMETER AI\data\h2s_calibration_dataset\images\IMG_20250115_C3_STRIP_C3_003_LO01.jpg,Optimal lighting and positioning
IMG_20250115_C3_STRIP_C3_003_LO02,STRIP_C3_003,BATCH_2024_Q4_LOT_03,C3,3,High,65.71,"[50.0, 100.0]",Samsung Galaxy S23,4000x3000,low_light_led,auto,33,800,10,0,REF_20250115_0222,calibrated_H2S_gas_standard,technician_john,industrial_facility_A,v2.0,2025-01-15T14:23:45Z,train,D:\H2S DOSIMETER AI\data\h2s_calibration_dataset\images\IMG_20250115_C3_STRIP_C3_003_LO02.jpg,Optimal lighting and positioning
IMG_20250115_C3_STRIP_C3_008_FL01,STRIP_C3_008,BATCH_2024_Q4_LOT_03,C3,3,High,87.81,"[50.0, 100.0]",Samsung Galaxy S23,4000x3000,fluorescent,auto,33,800,10,0,REF_20250115_0223,calibrated_H2S_gas_standard,technician_john,industrial_facility_A,v2.0,2025-01-15T14:23:45Z,val,D:\H2S DOSIMETER AI\data\h2s_calibration_dataset\images\IMG_20250115_C3_STRIP_C3_008_FL01.jpg,Optimal lighting and positioning
IMG_20250115_C3_STRIP_C3_008_FL02,STRIP_C3_008,BATCH_2024_Q4_LOT_03,C3,3,High,87.81,"[50.0, 100.0]",Samsung Galaxy S23,4000x3000,fluorescent,auto,33,800,10,0,REF_20250115_0224,calibrated_H2S_gas_standard,technician_john,industrial_facility_A,v2.0,2025-01-15T14:23:45Z,val,D:\H2S DOSIMETER AI\data\h2s_calibration_dataset\images\IMG_20250115_C3_STRIP_C3_008_FL02.jpg,Optimal lighting and positioning
IMG_20250115_C3_STRIP_C3_008_DA01,STRIP_C3_008,BATCH_2024_Q4_LOT_03,C3,3,High,87.81,"[50.0, 100.0]",Samsung Galaxy S23,4000x3000,daylight,auto,33,800,10,0,REF_20250115_0225,calibrated_H2S_gas_standard,technician_john,industrial_facility_A,v2.0,2025-01-15T14:23:45Z,val,D:\H2S DOSIMETER AI\data\h2s_calibration_dataset\images\IMG_20250115_C3_STRIP_C3_008_DA01.jpg,Optimal lighting and positioning
IMG_20250115_C3_STRIP_C3_008_DA02,STRIP_C3_008,BATCH_2024_Q4_LOT_03,C3,3,High,87.81,"[50.0, 100.0]",Samsung Galaxy S23,4000x3000,daylight,auto,33,800,10,0,REF_20250115_0226,calibrated_H2S_gas_standard,technician_john,industrial_facility_A,v2.0,2025-01-15T14:23:45Z,val,D:\H2S DOSIMETER AI\data\h2s_calibration_dataset\images\IMG_20250115_C3_STRIP_C3_008_DA02.jpg,Optimal lighting and positioning
IMG_20250115_C3_STRIP_C3_008_LO01,STRIP_C3_008,BATCH_2024_Q4_LOT_03,C3,3,High,87.81,"[50.0, 100.0]",Samsung Galaxy S23,4000x3000,low_light_led,auto,33,800,10,0,REF_20250115_0227,calibrated_H2S_gas_standard,technician_john,industrial_facility_A,v2.0,2025-01-15T14:23:45Z,val,D:\H2S DOSIMETER AI\data\h2s_calibration_dataset\images\IMG_20250115_C3_STRIP_C3_008_LO01.jpg,Optimal lighting and positioning
IMG_20250115_C3_STRIP_C3_008_LO02,STRIP_C3_008,BATCH_2024_Q4_LOT_03,C3,3,High,87.81,"[50.0, 100.0]",Samsung Galaxy S23,4000x3000,low_light_led,auto,33,800,10,0,REF_20250115_0228,calibrated_H2S_gas_standard,technician_john,industrial_facility_A,v2.0,2025-01-15T14:23:45Z,val,D:\H2S DOSIMETER AI\data\h2s_calibration_dataset\images\IMG_20250115_C3_STRIP_C3_008_LO02.jpg,Optimal lighting and positioning
IMG_20250115_C3_STRIP_C3_007_FL01,STRIP_C3_007,BATCH_2024_Q4_LOT_03,C3,3,High,90.59,"[50.0, 100.0]",Samsung Galaxy S23,4000x3000,fluorescent,auto,33,800,10,0,REF_20250115_0229,calibrated_H2S_gas_standard,technician_john,industrial_facility_A,v2.0,2025-01-15T14:23:45Z,val,D:\H2S DOSIMETER AI\data\h2s_calibration_dataset\images\IMG_20250115_C3_STRIP_C3_007_FL01.jpg,Optimal lighting and positioning
IMG_20250115_C3_STRIP_C3_007_FL02,STRIP_C3_007,BATCH_2024_Q4_LOT_03,C3,3,High,90.59,"[50.0, 100.0]",Samsung Galaxy S23,4000x3000,fluorescent,auto,33,800,10,0,REF_20250115_0230,calibrated_H2S_gas_standard,technician_john,industrial_facility_A,v2.0,2025-01-15T14:23:45Z,val,D:\H2S DOSIMETER AI\data\h2s_calibration_dataset\images\IMG_20250115_C3_STRIP_C3_007_FL02.jpg,Optimal lighting and positioning
IMG_20250115_C3_STRIP_C3_007_DA01,STRIP_C3_007,BATCH_2024_Q4_LOT_03,C3,3,High,90.59,"[50.0, 100.0]",Samsung Galaxy S23,4000x3000,daylight,auto,33,800,10,0,REF_20250115_0231,calibrated_H2S_gas_standard,technician_john,industrial_facility_A,v2.0,2025-01-15T14:23:45Z,val,D:\H2S DOSIMETER AI\data\h2s_calibration_dataset\images\IMG_20250115_C3_STRIP_C3_007_DA01.jpg,Optimal lighting and positioning
IMG_20250115_C3_STRIP_C3_007_DA02,STRIP_C3_007,BATCH_2024_Q4_LOT_03,C3,3,High,90.59,"[50.0, 100.0]",Samsung Galaxy S23,4000x3000,daylight,auto,33,800,10,0,REF_20250115_0232,calibrated_H2S_gas_standard,technician_john,industrial_facility_A,v2.0,2025-01-15T14:23:45Z,val,D:\H2S DOSIMETER AI\data\h2s_calibration_dataset\images\IMG_20250115_C3_STRIP_C3_007_DA02.jpg,Optimal lighting and positioning
IMG_20250115_C3_STRIP_C3_007_LO01,STRIP_C3_007,BATCH_2024_Q4_LOT_03,C3,3,High,90.59,"[50.0, 100.0]",Samsung Galaxy S23,4000x3000,low_light_led,auto,33,800,10,0,REF_20250115_0233,calibrated_H2S_gas_standard,technician_john,industrial_facility_A,v2.0,2025-01-15T14:23:45Z,val,D:\H2S DOSIMETER AI\data\h2s_calibration_dataset\images\IMG_20250115_C3_STRIP_C3_007_LO01.jpg,Optimal lighting and positioning
IMG_20250115_C3_STRIP_C3_007_LO02,STRIP_C3_007,BATCH_2024_Q4_LOT_03,C3,3,High,90.59,"[50.0, 100.0]",Samsung Galaxy S23,4000x3000,low_light_led,auto,33,800,10,0,REF_20250115_0234,calibrated_H2S_gas_standard,technician_john,industrial_facility_A,v2.0,2025-01-15T14:23:45Z,val,D:\H2S DOSIMETER AI\data\h2s_calibration_dataset\images\IMG_20250115_C3_STRIP_C3_007_LO02.jpg,Optimal lighting and positioning
IMG_20250115_C3_STRIP_C3_005_FL01,STRIP_C3_005,BATCH_2024_Q4_LOT_03,C3,3,High,68.44,"[50.0, 100.0]",Samsung Galaxy S23,4000x3000,fluorescent,auto,33,800,10,0,REF_20250115_0235,calibrated_H2S_gas_standard,technician_john,industrial_facility_A,v2.0,2025-01-15T14:23:45Z,test,D:\H2S DOSIMETER AI\data\h2s_calibration_dataset\images\IMG_20250115_C3_STRIP_C3_005_FL01.jpg,Optimal lighting and positioning
IMG_20250115_C3_STRIP_C3_005_FL02,STRIP_C3_005,BATCH_2024_Q4_LOT_03,C3,3,High,68.44,"[50.0, 100.0]",Samsung Galaxy S23,4000x3000,fluorescent,auto,33,800,10,0,REF_20250115_0236,calibrated_H2S_gas_standard,technician_john,industrial_facility_A,v2.0,2025-01-15T14:23:45Z,test,D:\H2S DOSIMETER AI\data\h2s_calibration_dataset\images\IMG_20250115_C3_STRIP_C3_005_FL02.jpg,Optimal lighting and positioning
IMG_20250115_C3_STRIP_C3_005_DA01,STRIP_C3_005,BATCH_2024_Q4_LOT_03,C3,3,High,68.44,"[50.0, 100.0]",Samsung Galaxy S23,4000x3000,daylight,auto,33,800,10,0,REF_20250115_0237,calibrated_H2S_gas_standard,technician_john,industrial_facility_A,v2.0,2025-01-15T14:23:45Z,test,D:\H2S DOSIMETER AI\data\h2s_calibration_dataset\images\IMG_20250115_C3_STRIP_C3_005_DA01.jpg,Optimal lighting and positioning
IMG_20250115_C3_STRIP_C3_005_DA02,STRIP_C3_005,BATCH_2024_Q4_LOT_03,C3,3,High,68.44,"[50.0, 100.0]",Samsung Galaxy S23,4000x3000,daylight,auto,33,800,10,0,REF_20250115_0238,calibrated_H2S_gas_standard,technician_john,industrial_facility_A,v2.0,2025-01-15T14:23:45Z,test,D:\H2S DOSIMETER AI\data\h2s_calibration_dataset\images\IMG_20250115_C3_STRIP_C3_005_DA02.jpg,Optimal lighting and positioning
IMG_20250115_C3_STRIP_C3_005_LO01,STRIP_C3_005,BATCH_2024_Q4_LOT_03,C3,3,High,68.44,"[50.0, 100.0]",Samsung Galaxy S23,4000x3000,low_light_led,auto,33,800,10,0,REF_20250115_0239,calibrated_H2S_gas_standard,technician_john,industrial_facility_A,v2.0,2025-01-15T14:23:45Z,test,D:\H2S DOSIMETER AI\data\h2s_calibration_dataset\images\IMG_20250115_C3_STRIP_C3_005_LO01.jpg,Optimal lighting and positioning
IMG_20250115_C3_STRIP_C3_005_LO02,STRIP_C3_005,BATCH_2024_Q4_LOT_03,C3,3,High,68.44,"[50.0, 100.0]",Samsung Galaxy S23,4000x3000,low_light_led,auto,33,800,10,0,REF_20250115_0240,calibrated_H2S_gas_standard,technician_john,industrial_facility_A,v2.0,2025-01-15T14:23:45Z,test,D:\H2S DOSIMETER AI\data\h2s_calibration_dataset\images\IMG_20250115_C3_STRIP_C3_005_LO02.jpg,Optimal lighting and positioning
IMG_20250115_C4_STRIP_C4_004_FL01,STRIP_C4_004,BATCH_2024_Q4_LOT_03,C4,4,Critical,127.45,"[100.0, 250.0]",Samsung Galaxy S23,4000x3000,fluorescent,auto,33,800,10,0,REF_20250115_0241,calibrated_H2S_gas_standard,technician_john,industrial_facility_A,v2.0,2025-01-15T14:23:45Z,train,D:\H2S DOSIMETER AI\data\h2s_calibration_dataset\images\IMG_20250115_C4_STRIP_C4_004_FL01.jpg,Optimal lighting and positioning
IMG_20250115_C4_STRIP_C4_004_FL02,STRIP_C4_004,BATCH_2024_Q4_LOT_03,C4,4,Critical,127.45,"[100.0, 250.0]",Samsung Galaxy S23,4000x3000,fluorescent,auto,33,800,10,0,REF_20250115_0242,calibrated_H2S_gas_standard,technician_john,industrial_facility_A,v2.0,2025-01-15T14:23:45Z,train,D:\H2S DOSIMETER AI\data\h2s_calibration_dataset\images\IMG_20250115_C4_STRIP_C4_004_FL02.jpg,Optimal lighting and positioning
IMG_20250115_C4_STRIP_C4_004_DA01,STRIP_C4_004,BATCH_2024_Q4_LOT_03,C4,4,Critical,127.45,"[100.0, 250.0]",Samsung Galaxy S23,4000x3000,daylight,auto,33,800,10,0,REF_20250115_0243,calibrated_H2S_gas_standard,technician_john,industrial_facility_A,v2.0,2025-01-15T14:23:45Z,train,D:\H2S DOSIMETER AI\data\h2s_calibration_dataset\images\IMG_20250115_C4_STRIP_C4_004_DA01.jpg,Optimal lighting and positioning
IMG_20250115_C4_STRIP_C4_004_DA02,STRIP_C4_004,BATCH_2024_Q4_LOT_03,C4,4,Critical,127.45,"[100.0, 250.0]",Samsung Galaxy S23,4000x3000,daylight,auto,33,800,10,0,REF_20250115_0244,calibrated_H2S_gas_standard,technician_john,industrial_facility_A,v2.0,2025-01-15T14:23:45Z,train,D:\H2S DOSIMETER AI\data\h2s_calibration_dataset\images\IMG_20250115_C4_STRIP_C4_004_DA02.jpg,Optimal lighting and positioning
IMG_20250115_C4_STRIP_C4_004_LO01,STRIP_C4_004,BATCH_2024_Q4_LOT_03,C4,4,Critical,127.45,"[100.0, 250.0]",Samsung Galaxy S23,4000x3000,low_light_led,auto,33,800,10,0,REF_20250115_0245,calibrated_H2S_gas_standard,technician_john,industrial_facility_A,v2.0,2025-01-15T14:23:45Z,train,D:\H2S DOSIMETER AI\data\h2s_calibration_dataset\images\IMG_20250115_C4_STRIP_C4_004_LO01.jpg,Optimal lighting and positioning
IMG_20250115_C4_STRIP_C4_004_LO02,STRIP_C4_004,BATCH_2024_Q4_LOT_03,C4,4,Critical,127.45,"[100.0, 250.0]",Samsung Galaxy S23,4000x3000,low_light_led,auto,33,800,10,0,REF_20250115_0246,calibrated_H2S_gas_standard,technician_john,industrial_facility_A,v2.0,2025-01-15T14:23:45Z,train,D:\H2S DOSIMETER AI\data\h2s_calibration_dataset\images\IMG_20250115_C4_STRIP_C4_004_LO02.jpg,Optimal lighting and positioning
IMG_20250115_C4_STRIP_C4_008_FL01,STRIP_C4_008,BATCH_2024_Q4_LOT_03,C4,4,Critical,179.47,"[100.0, 250.0]",Samsung Galaxy S23,4000x3000,fluorescent,auto,33,800,10,0,REF_20250115_0247,calibrated_H2S_gas_standard,technician_john,industrial_facility_A,v2.0,2025-01-15T14:23:45Z,train,D:\H2S DOSIMETER AI\data\h2s_calibration_dataset\images\IMG_20250115_C4_STRIP_C4_008_FL01.jpg,Optimal lighting and positioning
IMG_20250115_C4_STRIP_C4_008_FL02,STRIP_C4_008,BATCH_2024_Q4_LOT_03,C4,4,Critical,179.47,"[100.0, 250.0]",Samsung Galaxy S23,4000x3000,fluorescent,auto,33,800,10,0,REF_20250115_0248,calibrated_H2S_gas_standard,technician_john,industrial_facility_A,v2.0,2025-01-15T14:23:45Z,train,D:\H2S DOSIMETER AI\data\h2s_calibration_dataset\images\IMG_20250115_C4_STRIP_C4_008_FL02.jpg,Optimal lighting and positioning
IMG_20250115_C4_STRIP_C4_008_DA01,STRIP_C4_008,BATCH_2024_Q4_LOT_03,C4,4,Critical,179.47,"[100.0, 250.0]",Samsung Galaxy S23,4000x3000,daylight,auto,33,800,10,0,REF_20250115_0249,calibrated_H2S_gas_standard,technician_john,industrial_facility_A,v2.0,2025-01-15T14:23:45Z,train,D:\H2S DOSIMETER AI\data\h2s_calibration_dataset\images\IMG_20250115_C4_STRIP_C4_008_DA01.jpg,Optimal lighting and positioning
IMG_20250115_C4_STRIP_C4_008_DA02,STRIP_C4_008,BATCH_2024_Q4_LOT_03,C4,4,Critical,179.47,"[100.0, 250.0]",Samsung Galaxy S23,4000x3000,daylight,auto,33,800,10,0,REF_20250115_0250,calibrated_H2S_gas_standard,technician_john,industrial_facility_A,v2.0,2025-01-15T14:23:45Z,train,D:\H2S DOSIMETER AI\data\h2s_calibration_dataset\images\IMG_20250115_C4_STRIP_C4_008_DA02.jpg,Optimal lighting and positioning
IMG_20250115_C4_STRIP_C4_008_LO01,STRIP_C4_008,BATCH_2024_Q4_LOT_03,C4,4,Critical,179.47,"[100.0, 250.0]",Samsung Galaxy S23,4000x3000,low_light_led,auto,33,800,10,0,REF_20250115_0251,calibrated_H2S_gas_standard,technician_john,industrial_facility_A,v2.0,2025-01-15T14:23:45Z,train,D:\H2S DOSIMETER AI\data\h2s_calibration_dataset\images\IMG_20250115_C4_STRIP_C4_008_LO01.jpg,Optimal lighting and positioning
IMG_20250115_C4_STRIP_C4_008_LO02,STRIP_C4_008,BATCH_2024_Q4_LOT_03,C4,4,Critical,179.47,"[100.0, 250.0]",Samsung Galaxy S23,4000x3000,low_light_led,auto,33,800,10,0,REF_20250115_0252,calibrated_H2S_gas_standard,technician_john,industrial_facility_A,v2.0,2025-01-15T14:23:45Z,train,D:\H2S DOSIMETER AI\data\h2s_calibration_dataset\images\IMG_20250115_C4_STRIP_C4_008_LO02.jpg,Optimal lighting and positioning
IMG_20250115_C4_STRIP_C4_003_FL01,STRIP_C4_003,BATCH_2024_Q4_LOT_03,C4,4,Critical,199.31,"[100.0, 250.0]",Samsung Galaxy S23,4000x3000,fluorescent,auto,33,800,10,0,REF_20250115_0253,calibrated_H2S_gas_standard,technician_john,industrial_facility_A,v2.0,2025-01-15T14:23:45Z,train,D:\H2S DOSIMETER AI\data\h2s_calibration_dataset\images\IMG_20250115_C4_STRIP_C4_003_FL01.jpg,Optimal lighting and positioning
IMG_20250115_C4_STRIP_C4_003_FL02,STRIP_C4_003,BATCH_2024_Q4_LOT_03,C4,4,Critical,199.31,"[100.0, 250.0]",Samsung Galaxy S23,4000x3000,fluorescent,auto,33,800,10,0,REF_20250115_0254,calibrated_H2S_gas_standard,technician_john,industrial_facility_A,v2.0,2025-01-15T14:23:45Z,train,D:\H2S DOSIMETER AI\data\h2s_calibration_dataset\images\IMG_20250115_C4_STRIP_C4_003_FL02.jpg,Optimal lighting and positioning
IMG_20250115_C4_STRIP_C4_003_DA01,STRIP_C4_003,BATCH_2024_Q4_LOT_03,C4,4,Critical,199.31,"[100.0, 250.0]",Samsung Galaxy S23,4000x3000,daylight,auto,33,800,10,0,REF_20250115_0255,calibrated_H2S_gas_standard,technician_john,industrial_facility_A,v2.0,2025-01-15T14:23:45Z,train,D:\H2S DOSIMETER AI\data\h2s_calibration_dataset\images\IMG_20250115_C4_STRIP_C4_003_DA01.jpg,Optimal lighting and positioning
IMG_20250115_C4_STRIP_C4_003_DA02,STRIP_C4_003,BATCH_2024_Q4_LOT_03,C4,4,Critical,199.31,"[100.0, 250.0]",Samsung Galaxy S23,4000x3000,daylight,auto,33,800,10,0,REF_20250115_0256,calibrated_H2S_gas_standard,technician_john,industrial_facility_A,v2.0,2025-01-15T14:23:45Z,train,D:\H2S DOSIMETER AI\data\h2s_calibration_dataset\images\IMG_20250115_C4_STRIP_C4_003_DA02.jpg,Optimal lighting and positioning
IMG_20250115_C4_STRIP_C4_003_LO01,STRIP_C4_003,BATCH_2024_Q4_LOT_03,C4,4,Critical,199.31,"[100.0, 250.0]",Samsung Galaxy S23,4000x3000,low_light_led,auto,33,800,10,0,REF_20250115_0257,calibrated_H2S_gas_standard,technician_john,industrial_facility_A,v2.0,2025-01-15T14:23:45Z,train,D:\H2S DOSIMETER AI\data\h2s_calibration_dataset\images\IMG_20250115_C4_STRIP_C4_003_LO01.jpg,Optimal lighting and positioning
IMG_20250115_C4_STRIP_C4_003_LO02,STRIP_C4_003,BATCH_2024_Q4_LOT_03,C4,4,Critical,199.31,"[100.0, 250.0]",Samsung Galaxy S23,4000x3000,low_light_led,auto,33,800,10,0,REF_20250115_0258,calibrated_H2S_gas_standard,technician_john,industrial_facility_A,v2.0,2025-01-15T14:23:45Z,train,D:\H2S DOSIMETER AI\data\h2s_calibration_dataset\images\IMG_20250115_C4_STRIP_C4_003_LO02.jpg,Optimal lighting and positioning
IMG_20250115_C4_STRIP_C4_006_FL01,STRIP_C4_006,BATCH_2024_Q4_LOT_03,C4,4,Critical,195.63,"[100.0, 250.0]",Samsung Galaxy S23,4000x3000,fluorescent,auto,33,800,10,0,REF_20250115_0259,calibrated_H2S_gas_standard,technician_john,industrial_facility_A,v2.0,2025-01-15T14:23:45Z,train,D:\H2S DOSIMETER AI\data\h2s_calibration_dataset\images\IMG_20250115_C4_STRIP_C4_006_FL01.jpg,Optimal lighting and positioning
IMG_20250115_C4_STRIP_C4_006_FL02,STRIP_C4_006,BATCH_2024_Q4_LOT_03,C4,4,Critical,195.63,"[100.0, 250.0]",Samsung Galaxy S23,4000x3000,fluorescent,auto,33,800,10,0,REF_20250115_0260,calibrated_H2S_gas_standard,technician_john,industrial_facility_A,v2.0,2025-01-15T14:23:45Z,train,D:\H2S DOSIMETER AI\data\h2s_calibration_dataset\images\IMG_20250115_C4_STRIP_C4_006_FL02.jpg,Optimal lighting and positioning
IMG_20250115_C4_STRIP_C4_006_DA01,STRIP_C4_006,BATCH_2024_Q4_LOT_03,C4,4,Critical,195.63,"[100.0, 250.0]",Samsung Galaxy S23,4000x3000,daylight,auto,33,800,10,0,REF_20250115_0261,calibrated_H2S_gas_standard,technician_john,industrial_facility_A,v2.0,2025-01-15T14:23:45Z,train,D:\H2S DOSIMETER AI\data\h2s_calibration_dataset\images\IMG_20250115_C4_STRIP_C4_006_DA01.jpg,Optimal lighting and positioning
IMG_20250115_C4_STRIP_C4_006_DA02,STRIP_C4_006,BATCH_2024_Q4_LOT_03,C4,4,Critical,195.63,"[100.0, 250.0]",Samsung Galaxy S23,4000x3000,daylight,auto,33,800,10,0,REF_20250115_0262,calibrated_H2S_gas_standard,technician_john,industrial_facility_A,v2.0,2025-01-15T14:23:45Z,train,D:\H2S DOSIMETER AI\data\h2s_calibration_dataset\images\IMG_20250115_C4_STRIP_C4_006_DA02.jpg,Optimal lighting and positioning
IMG_20250115_C4_STRIP_C4_006_LO01,STRIP_C4_006,BATCH_2024_Q4_LOT_03,C4,4,Critical,195.63,"[100.0, 250.0]",Samsung Galaxy S23,4000x3000,low_light_led,auto,33,800,10,0,REF_20250115_0263,calibrated_H2S_gas_standard,technician_john,industrial_facility_A,v2.0,2025-01-15T14:23:45Z,train,D:\H2S DOSIMETER AI\data\h2s_calibration_dataset\images\IMG_20250115_C4_STRIP_C4_006_LO01.jpg,Optimal lighting and positioning
IMG_20250115_C4_STRIP_C4_006_LO02,STRIP_C4_006,BATCH_2024_Q4_LOT_03,C4,4,Critical,195.63,"[100.0, 250.0]",Samsung Galaxy S23,4000x3000,low_light_led,auto,33,800,10,0,REF_20250115_0264,calibrated_H2S_gas_standard,technician_john,industrial_facility_A,v2.0,2025-01-15T14:23:45Z,train,D:\H2S DOSIMETER AI\data\h2s_calibration_dataset\images\IMG_20250115_C4_STRIP_C4_006_LO02.jpg,Optimal lighting and positioning
IMG_20250115_C4_STRIP_C4_010_FL01,STRIP_C4_010,BATCH_2024_Q4_LOT_03,C4,4,Critical,224.84,"[100.0, 250.0]",Samsung Galaxy S23,4000x3000,fluorescent,auto,33,800,10,0,REF_20250115_0265,calibrated_H2S_gas_standard,technician_john,industrial_facility_A,v2.0,2025-01-15T14:23:45Z,train,D:\H2S DOSIMETER AI\data\h2s_calibration_dataset\images\IMG_20250115_C4_STRIP_C4_010_FL01.jpg,Optimal lighting and positioning
IMG_20250115_C4_STRIP_C4_010_FL02,STRIP_C4_010,BATCH_2024_Q4_LOT_03,C4,4,Critical,224.84,"[100.0, 250.0]",Samsung Galaxy S23,4000x3000,fluorescent,auto,33,800,10,0,REF_20250115_0266,calibrated_H2S_gas_standard,technician_john,industrial_facility_A,v2.0,2025-01-15T14:23:45Z,train,D:\H2S DOSIMETER AI\data\h2s_calibration_dataset\images\IMG_20250115_C4_STRIP_C4_010_FL02.jpg,Optimal lighting and positioning
IMG_20250115_C4_STRIP_C4_010_DA01,STRIP_C4_010,BATCH_2024_Q4_LOT_03,C4,4,Critical,224.84,"[100.0, 250.0]",Samsung Galaxy S23,4000x3000,daylight,auto,33,800,10,0,REF_20250115_0267,calibrated_H2S_gas_standard,technician_john,industrial_facility_A,v2.0,2025-01-15T14:23:45Z,train,D:\H2S DOSIMETER AI\data\h2s_calibration_dataset\images\IMG_20250115_C4_STRIP_C4_010_DA01.jpg,Optimal lighting and positioning
IMG_20250115_C4_STRIP_C4_010_DA02,STRIP_C4_010,BATCH_2024_Q4_LOT_03,C4,4,Critical,224.84,"[100.0, 250.0]",Samsung Galaxy S23,4000x3000,daylight,auto,33,800,10,0,REF_20250115_0268,calibrated_H2S_gas_standard,technician_john,industrial_facility_A,v2.0,2025-01-15T14:23:45Z,train,D:\H2S DOSIMETER AI\data\h2s_calibration_dataset\images\IMG_20250115_C4_STRIP_C4_010_DA02.jpg,Optimal lighting and positioning
IMG_20250115_C4_STRIP_C4_010_LO01,STRIP_C4_010,BATCH_2024_Q4_LOT_03,C4,4,Critical,224.84,"[100.0, 250.0]",Samsung Galaxy S23,4000x3000,low_light_led,auto,33,800,10,0,REF_20250115_0269,calibrated_H2S_gas_standard,technician_john,industrial_facility_A,v2.0,2025-01-15T14:23:45Z,train,D:\H2S DOSIMETER AI\data\h2s_calibration_dataset\images\IMG_20250115_C4_STRIP_C4_010_LO01.jpg,Optimal lighting and positioning
IMG_20250115_C4_STRIP_C4_010_LO02,STRIP_C4_010,BATCH_2024_Q4_LOT_03,C4,4,Critical,224.84,"[100.0, 250.0]",Samsung Galaxy S23,4000x3000,low_light_led,auto,33,800,10,0,REF_20250115_0270,calibrated_H2S_gas_standard,technician_john,industrial_facility_A,v2.0,2025-01-15T14:23:45Z,train,D:\H2S DOSIMETER AI\data\h2s_calibration_dataset\images\IMG_20250115_C4_STRIP_C4_010_LO02.jpg,Optimal lighting and positioning
IMG_20250115_C4_STRIP_C4_009_FL01,STRIP_C4_009,BATCH_2024_Q4_LOT_03,C4,4,Critical,208.01,"[100.0, 250.0]",Samsung Galaxy S23,4000x3000,fluorescent,auto,33,800,10,0,REF_20250115_0271,calibrated_H2S_gas_standard,technician_john,industrial_facility_A,v2.0,2025-01-15T14:23:45Z,train,D:\H2S DOSIMETER AI\data\h2s_calibration_dataset\images\IMG_20250115_C4_STRIP_C4_009_FL01.jpg,Optimal lighting and positioning
IMG_20250115_C4_STRIP_C4_009_FL02,STRIP_C4_009,BATCH_2024_Q4_LOT_03,C4,4,Critical,208.01,"[100.0, 250.0]",Samsung Galaxy S23,4000x3000,fluorescent,auto,33,800,10,0,REF_20250115_0272,calibrated_H2S_gas_standard,technician_john,industrial_facility_A,v2.0,2025-01-15T14:23:45Z,train,D:\H2S DOSIMETER AI\data\h2s_calibration_dataset\images\IMG_20250115_C4_STRIP_C4_009_FL02.jpg,Optimal lighting and positioning
IMG_20250115_C4_STRIP_C4_009_DA01,STRIP_C4_009,BATCH_2024_Q4_LOT_03,C4,4,Critical,208.01,"[100.0, 250.0]",Samsung Galaxy S23,4000x3000,daylight,auto,33,800,10,0,REF_20250115_0273,calibrated_H2S_gas_standard,technician_john,industrial_facility_A,v2.0,2025-01-15T14:23:45Z,train,D:\H2S DOSIMETER AI\data\h2s_calibration_dataset\images\IMG_20250115_C4_STRIP_C4_009_DA01.jpg,Optimal lighting and positioning
IMG_20250115_C4_STRIP_C4_009_DA02,STRIP_C4_009,BATCH_2024_Q4_LOT_03,C4,4,Critical,208.01,"[100.0, 250.0]",Samsung Galaxy S23,4000x3000,daylight,auto,33,800,10,0,REF_20250115_0274,calibrated_H2S_gas_standard,technician_john,industrial_facility_A,v2.0,2025-01-15T14:23:45Z,train,D:\H2S DOSIMETER AI\data\h2s_calibration_dataset\images\IMG_20250115_C4_STRIP_C4_009_DA02.jpg,Optimal lighting and positioning
IMG_20250115_C4_STRIP_C4_009_LO01,STRIP_C4_009,BATCH_2024_Q4_LOT_03,C4,4,Critical,208.01,"[100.0, 250.0]",Samsung Galaxy S23,4000x3000,low_light_led,auto,33,800,10,0,REF_20250115_0275,calibrated_H2S_gas_standard,technician_john,industrial_facility_A,v2.0,2025-01-15T14:23:45Z,train,D:\H2S DOSIMETER AI\data\h2s_calibration_dataset\images\IMG_20250115_C4_STRIP_C4_009_LO01.jpg,Optimal lighting and positioning
IMG_20250115_C4_STRIP_C4_009_LO02,STRIP_C4_009,BATCH_2024_Q4_LOT_03,C4,4,Critical,208.01,"[100.0, 250.0]",Samsung Galaxy S23,4000x3000,low_light_led,auto,33,800,10,0,REF_20250115_0276,calibrated_H2S_gas_standard,technician_john,industrial_facility_A,v2.0,2025-01-15T14:23:45Z,train,D:\H2S DOSIMETER AI\data\h2s_calibration_dataset\images\IMG_20250115_C4_STRIP_C4_009_LO02.jpg,Optimal lighting and positioning
IMG_20250115_C4_STRIP_C4_005_FL01,STRIP_C4_005,BATCH_2024_Q4_LOT_03,C4,4,Critical,128.42,"[100.0, 250.0]",Samsung Galaxy S23,4000x3000,fluorescent,auto,33,800,10,0,REF_20250115_0277,calibrated_H2S_gas_standard,technician_john,industrial_facility_A,v2.0,2025-01-15T14:23:45Z,train,D:\H2S DOSIMETER AI\data\h2s_calibration_dataset\images\IMG_20250115_C4_STRIP_C4_005_FL01.jpg,Optimal lighting and positioning
IMG_20250115_C4_STRIP_C4_005_FL02,STRIP_C4_005,BATCH_2024_Q4_LOT_03,C4,4,Critical,128.42,"[100.0, 250.0]",Samsung Galaxy S23,4000x3000,fluorescent,auto,33,800,10,0,REF_20250115_0278,calibrated_H2S_gas_standard,technician_john,industrial_facility_A,v2.0,2025-01-15T14:23:45Z,train,D:\H2S DOSIMETER AI\data\h2s_calibration_dataset\images\IMG_20250115_C4_STRIP_C4_005_FL02.jpg,Optimal lighting and positioning
IMG_20250115_C4_STRIP_C4_005_DA01,STRIP_C4_005,BATCH_2024_Q4_LOT_03,C4,4,Critical,128.42,"[100.0, 250.0]",Samsung Galaxy S23,4000x3000,daylight,auto,33,800,10,0,REF_20250115_0279,calibrated_H2S_gas_standard,technician_john,industrial_facility_A,v2.0,2025-01-15T14:23:45Z,train,D:\H2S DOSIMETER AI\data\h2s_calibration_dataset\images\IMG_20250115_C4_STRIP_C4_005_DA01.jpg,Optimal lighting and positioning
IMG_20250115_C4_STRIP_C4_005_DA02,STRIP_C4_005,BATCH_2024_Q4_LOT_03,C4,4,Critical,128.42,"[100.0, 250.0]",Samsung Galaxy S23,4000x3000,daylight,auto,33,800,10,0,REF_20250115_0280,calibrated_H2S_gas_standard,technician_john,industrial_facility_A,v2.0,2025-01-15T14:23:45Z,train,D:\H2S DOSIMETER AI\data\h2s_calibration_dataset\images\IMG_20250115_C4_STRIP_C4_005_DA02.jpg,Optimal lighting and positioning
IMG_20250115_C4_STRIP_C4_005_LO01,STRIP_C4_005,BATCH_2024_Q4_LOT_03,C4,4,Critical,128.42,"[100.0, 250.0]",Samsung Galaxy S23,4000x3000,low_light_led,auto,33,800,10,0,REF_20250115_0281,calibrated_H2S_gas_standard,technician_john,industrial_facility_A,v2.0,2025-01-15T14:23:45Z,train,D:\H2S DOSIMETER AI\data\h2s_calibration_dataset\images\IMG_20250115_C4_STRIP_C4_005_LO01.jpg,Optimal lighting and positioning
IMG_20250115_C4_STRIP_C4_005_LO02,STRIP_C4_005,BATCH_2024_Q4_LOT_03,C4,4,Critical,128.42,"[100.0, 250.0]",Samsung Galaxy S23,4000x3000,low_light_led,auto,33,800,10,0,REF_20250115_0282,calibrated_H2S_gas_standard,technician_john,industrial_facility_A,v2.0,2025-01-15T14:23:45Z,train,D:\H2S DOSIMETER AI\data\h2s_calibration_dataset\images\IMG_20250115_C4_STRIP_C4_005_LO02.jpg,Optimal lighting and positioning
IMG_20250115_C4_STRIP_C4_001_FL01,STRIP_C4_001,BATCH_2024_Q4_LOT_03,C4,4,Critical,159.15,"[100.0, 250.0]",Samsung Galaxy S23,4000x3000,fluorescent,auto,33,800,10,0,REF_20250115_0283,calibrated_H2S_gas_standard,technician_john,industrial_facility_A,v2.0,2025-01-15T14:23:45Z,val,D:\H2S DOSIMETER AI\data\h2s_calibration_dataset\images\IMG_20250115_C4_STRIP_C4_001_FL01.jpg,Optimal lighting and positioning
IMG_20250115_C4_STRIP_C4_001_FL02,STRIP_C4_001,BATCH_2024_Q4_LOT_03,C4,4,Critical,159.15,"[100.0, 250.0]",Samsung Galaxy S23,4000x3000,fluorescent,auto,33,800,10,0,REF_20250115_0284,calibrated_H2S_gas_standard,technician_john,industrial_facility_A,v2.0,2025-01-15T14:23:45Z,val,D:\H2S DOSIMETER AI\data\h2s_calibration_dataset\images\IMG_20250115_C4_STRIP_C4_001_FL02.jpg,Optimal lighting and positioning
IMG_20250115_C4_STRIP_C4_001_DA01,STRIP_C4_001,BATCH_2024_Q4_LOT_03,C4,4,Critical,159.15,"[100.0, 250.0]",Samsung Galaxy S23,4000x3000,daylight,auto,33,800,10,0,REF_20250115_0285,calibrated_H2S_gas_standard,technician_john,industrial_facility_A,v2.0,2025-01-15T14:23:45Z,val,D:\H2S DOSIMETER AI\data\h2s_calibration_dataset\images\IMG_20250115_C4_STRIP_C4_001_DA01.jpg,Optimal lighting and positioning
IMG_20250115_C4_STRIP_C4_001_DA02,STRIP_C4_001,BATCH_2024_Q4_LOT_03,C4,4,Critical,159.15,"[100.0, 250.0]",Samsung Galaxy S23,4000x3000,daylight,auto,33,800,10,0,REF_20250115_0286,calibrated_H2S_gas_standard,technician_john,industrial_facility_A,v2.0,2025-01-15T14:23:45Z,val,D:\H2S DOSIMETER AI\data\h2s_calibration_dataset\images\IMG_20250115_C4_STRIP_C4_001_DA02.jpg,Optimal lighting and positioning
IMG_20250115_C4_STRIP_C4_001_LO01,STRIP_C4_001,BATCH_2024_Q4_LOT_03,C4,4,Critical,159.15,"[100.0, 250.0]",Samsung Galaxy S23,4000x3000,low_light_led,auto,33,800,10,0,REF_20250115_0287,calibrated_H2S_gas_standard,technician_john,industrial_facility_A,v2.0,2025-01-15T14:23:45Z,val,D:\H2S DOSIMETER AI\data\h2s_calibration_dataset\images\IMG_20250115_C4_STRIP_C4_001_LO01.jpg,Optimal lighting and positioning
IMG_20250115_C4_STRIP_C4_001_LO02,STRIP_C4_001,BATCH_2024_Q4_LOT_03,C4,4,Critical,159.15,"[100.0, 250.0]",Samsung Galaxy S23,4000x3000,low_light_led,auto,33,800,10,0,REF_20250115_0288,calibrated_H2S_gas_standard,technician_john,industrial_facility_A,v2.0,2025-01-15T14:23:45Z,val,D:\H2S DOSIMETER AI\data\h2s_calibration_dataset\images\IMG_20250115_C4_STRIP_C4_001_LO02.jpg,Optimal lighting and positioning
IMG_20250115_C4_STRIP_C4_007_FL01,STRIP_C4_007,BATCH_2024_Q4_LOT_03,C4,4,Critical,211.22,"[100.0, 250.0]",Samsung Galaxy S23,4000x3000,fluorescent,auto,33,800,10,0,REF_20250115_0289,calibrated_H2S_gas_standard,technician_john,industrial_facility_A,v2.0,2025-01-15T14:23:45Z,val,D:\H2S DOSIMETER AI\data\h2s_calibration_dataset\images\IMG_20250115_C4_STRIP_C4_007_FL01.jpg,Optimal lighting and positioning
IMG_20250115_C4_STRIP_C4_007_FL02,STRIP_C4_007,BATCH_2024_Q4_LOT_03,C4,4,Critical,211.22,"[100.0, 250.0]",Samsung Galaxy S23,4000x3000,fluorescent,auto,33,800,10,0,REF_20250115_0290,calibrated_H2S_gas_standard,technician_john,industrial_facility_A,v2.0,2025-01-15T14:23:45Z,val,D:\H2S DOSIMETER AI\data\h2s_calibration_dataset\images\IMG_20250115_C4_STRIP_C4_007_FL02.jpg,Optimal lighting and positioning
IMG_20250115_C4_STRIP_C4_007_DA01,STRIP_C4_007,BATCH_2024_Q4_LOT_03,C4,4,Critical,211.22,"[100.0, 250.0]",Samsung Galaxy S23,4000x3000,daylight,auto,33,800,10,0,REF_20250115_0291,calibrated_H2S_gas_standard,technician_john,industrial_facility_A,v2.0,2025-01-15T14:23:45Z,val,D:\H2S DOSIMETER AI\data\h2s_calibration_dataset\images\IMG_20250115_C4_STRIP_C4_007_DA01.jpg,Optimal lighting and positioning
IMG_20250115_C4_STRIP_C4_007_DA02,STRIP_C4_007,BATCH_2024_Q4_LOT_03,C4,4,Critical,211.22,"[100.0, 250.0]",Samsung Galaxy S23,4000x3000,daylight,auto,33,800,10,0,REF_20250115_0292,calibrated_H2S_gas_standard,technician_john,industrial_facility_A,v2.0,2025-01-15T14:23:45Z,val,D:\H2S DOSIMETER AI\data\h2s_calibration_dataset\images\IMG_20250115_C4_STRIP_C4_007_DA02.jpg,Optimal lighting and positioning
IMG_20250115_C4_STRIP_C4_007_LO01,STRIP_C4_007,BATCH_2024_Q4_LOT_03,C4,4,Critical,211.22,"[100.0, 250.0]",Samsung Galaxy S23,4000x3000,low_light_led,auto,33,800,10,0,REF_20250115_0293,calibrated_H2S_gas_standard,technician_john,industrial_facility_A,v2.0,2025-01-15T14:23:45Z,val,D:\H2S DOSIMETER AI\data\h2s_calibration_dataset\images\IMG_20250115_C4_STRIP_C4_007_LO01.jpg,Optimal lighting and positioning
IMG_20250115_C4_STRIP_C4_007_LO02,STRIP_C4_007,BATCH_2024_Q4_LOT_03,C4,4,Critical,211.22,"[100.0, 250.0]",Samsung Galaxy S23,4000x3000,low_light_led,auto,33,800,10,0,REF_20250115_0294,calibrated_H2S_gas_standard,technician_john,industrial_facility_A,v2.0,2025-01-15T14:23:45Z,val,D:\H2S DOSIMETER AI\data\h2s_calibration_dataset\images\IMG_20250115_C4_STRIP_C4_007_LO02.jpg,Optimal lighting and positioning
IMG_20250115_C4_STRIP_C4_002_FL01,STRIP_C4_002,BATCH_2024_Q4_LOT_03,C4,4,Critical,150.58,"[100.0, 250.0]",Samsung Galaxy S23,4000x3000,fluorescent,auto,33,800,10,0,REF_20250115_0295,calibrated_H2S_gas_standard,technician_john,industrial_facility_A,v2.0,2025-01-15T14:23:45Z,test,D:\H2S DOSIMETER AI\data\h2s_calibration_dataset\images\IMG_20250115_C4_STRIP_C4_002_FL01.jpg,Optimal lighting and positioning
IMG_20250115_C4_STRIP_C4_002_FL02,STRIP_C4_002,BATCH_2024_Q4_LOT_03,C4,4,Critical,150.58,"[100.0, 250.0]",Samsung Galaxy S23,4000x3000,fluorescent,auto,33,800,10,0,REF_20250115_0296,calibrated_H2S_gas_standard,technician_john,industrial_facility_A,v2.0,2025-01-15T14:23:45Z,test,D:\H2S DOSIMETER AI\data\h2s_calibration_dataset\images\IMG_20250115_C4_STRIP_C4_002_FL02.jpg,Optimal lighting and positioning
IMG_20250115_C4_STRIP_C4_002_DA01,STRIP_C4_002,BATCH_2024_Q4_LOT_03,C4,4,Critical,150.58,"[100.0, 250.0]",Samsung Galaxy S23,4000x3000,daylight,auto,33,800,10,0,REF_20250115_0297,calibrated_H2S_gas_standard,technician_john,industrial_facility_A,v2.0,2025-01-15T14:23:45Z,test,D:\H2S DOSIMETER AI\data\h2s_calibration_dataset\images\IMG_20250115_C4_STRIP_C4_002_DA01.jpg,Optimal lighting and positioning
IMG_20250115_C4_STRIP_C4_002_DA02,STRIP_C4_002,BATCH_2024_Q4_LOT_03,C4,4,Critical,150.58,"[100.0, 250.0]",Samsung Galaxy S23,4000x3000,daylight,auto,33,800,10,0,REF_20250115_0298,calibrated_H2S_gas_standard,technician_john,industrial_facility_A,v2.0,2025-01-15T14:23:45Z,test,D:\H2S DOSIMETER AI\data\h2s_calibration_dataset\images\IMG_20250115_C4_STRIP_C4_002_DA02.jpg,Optimal lighting and positioning
IMG_20250115_C4_STRIP_C4_002_LO01,STRIP_C4_002,BATCH_2024_Q4_LOT_03,C4,4,Critical,150.58,"[100.0, 250.0]",Samsung Galaxy S23,4000x3000,low_light_led,auto,33,800,10,0,REF_20250115_0299,calibrated_H2S_gas_standard,technician_john,industrial_facility_A,v2.0,2025-01-15T14:23:45Z,test,D:\H2S DOSIMETER AI\data\h2s_calibration_dataset\images\IMG_20250115_C4_STRIP_C4_002_LO01.jpg,Optimal lighting and positioning
IMG_20250115_C4_STRIP_C4_002_LO02,STRIP_C4_002,BATCH_2024_Q4_LOT_03,C4,4,Critical,150.58,"[100.0, 250.0]",Samsung Galaxy S23,4000x3000,low_light_led,auto,33,800,10,0,REF_20250115_0300,calibrated_H2S_gas_standard,technician_john,industrial_facility_A,v2.0,2025-01-15T14:23:45Z,test,D:\H2S DOSIMETER AI\data\h2s_calibration_dataset\images\IMG_20250115_C4_STRIP_C4_002_LO02.jpg,Optimal lighting and positioning
